county_name,county_name_state,state
New york,New York-Newark-Jersey City_NY-NJ-PA,NY
Newark,New York-Newark-Jersey City_NY-NJ-PA,NJ
Jersey city,New York-Newark-Jersey City_NY-NJ-PA,PA
Los angeles,Los Angeles-Long Beach-Anaheim_CA,CA
Chicago,Chicago-Naperville-Elgin_IL-IN-WI,IL
Naperville,Chicago-Naperville-Elgin_IL-IN-WI,IN
Elgin,Chicago-Naperville-Elgin_IL-IN-WI,WI
Dallas,Dallas-Fort Worth-Arlington_TX,TX
Houston,Houston-The Woodlands-Sugar Land_TX,TX
Philadelphia,Philadelphia-Camden-Wilmington_PA-NJ-DE-MD,PA
Camden,Philadelphia-Camden-Wilmington_PA-NJ-DE-MD,NJ
Wilmington,Philadelphia-Camden-Wilmington_PA-NJ-DE-MD,DE
Wilmington,Philadelphia-Camden-Wilmington_PA-NJ-DE-MD,MD
Washington,Washington-Arlington-Alexandria_DC-VA-MD-WV,DC
Arlington,Washington-Arlington-Alexandria_DC-VA-MD-WV,VA
Alexandria,Washington-Arlington-Alexandria_DC-VA-MD-WV,MD
Alexandria,Washington-Arlington-Alexandria_DC-VA-MD-WV,WV
Miami,Miami-Fort Lauderdale-Pompano Beach_FL,FL
Atlanta,Atlanta-Sandy Springs-Alpharetta_GA,GA
Boston,Boston-Cambridge-Newton_MA-NH,MA
Cambridge,Boston-Cambridge-Newton_MA-NH,NH
Phoenix,Phoenix-Mesa-Chandler_AZ,AZ
San francisco,San Francisco-Oakland-Berkeley_CA,CA
Detroit,Detroit-Warren-Dearborn_MI,MI
Seattle,Seattle-Tacoma-Bellevue_WA,WA
Minneapolis,Minneapolis-St. Paul-Bloomington_MN-WI,MN
St. paul,Minneapolis-St. Paul-Bloomington_MN-WI,WI
Riverside,Riverside-San Bernardino-Ontario_CA,CA
Tampa,Tampa-St. Petersburg-Clearwater_FL,FL
Denver,Denver-Aurora-Lakewood_CO,CO
San diego,San Diego-Chula Vista-Carlsbad_CA,CA
St. louis,St. Louis_MO-IL,MO
St. louis,St. Louis_MO-IL,IL
Baltimore,Baltimore-Columbia-Towson_MD,MD
Charlotte,Charlotte-Concord-Gastonia_NC-SC,NC
Concord,Charlotte-Concord-Gastonia_NC-SC,SC
Pittsburgh,Pittsburgh_PA,PA
Portland,Portland-Vancouver-Hillsboro_OR-WA,OR
Vancouver,Portland-Vancouver-Hillsboro_OR-WA,WA
Orlando,Orlando-Kissimmee-Sanford_FL,FL
San antonio,San Antonio-New Braunfels_TX,TX
Austin,Austin-Round Rock-Georgetown_TX,TX
Cincinnati,Cincinnati_OH-KY-IN,OH
Cincinnati,Cincinnati_OH-KY-IN,KY
Cincinnati,Cincinnati_OH-KY-IN,IN
Sacramento,Sacramento-Roseville-Folsom_CA,CA
Kansas city,Kansas City_MO-KS,MO
Kansas city,Kansas City_MO-KS,KS
Columbus,Columbus_OH,OH
Cleveland,Cleveland-Elyria_OH,OH
Las vegas,Las Vegas-Henderson-Paradise_NV,NV
Indianapolis,Indianapolis-Carmel-Anderson_IN,IN
Nashville,Nashville-Davidson--Murfreesboro--Franklin_TN,TN
Virginia beach,Virginia Beach-Norfolk-Newport News_VA-NC,VA
Norfolk,Virginia Beach-Norfolk-Newport News_VA-NC,NC
San jose,San Jose-Sunnyvale-Santa Clara_CA,CA
Providence,Providence-Warwick_RI-MA,RI
Warwick,Providence-Warwick_RI-MA,MA
Milwaukee,Milwaukee-Waukesha_WI,WI
Jacksonville,Jacksonville_FL,FL
Oklahoma city,Oklahoma City_OK,OK
Raleigh,Raleigh-Cary_NC,NC
Richmond,Richmond_VA,VA
Louisville/jefferson county,Louisville/Jefferson County_KY-IN,KY
Louisville/jefferson county,Louisville/Jefferson County_KY-IN,IN
New orleans,New Orleans-Metairie_LA,LA
Memphis,Memphis_TN-MS-AR,TN
Memphis,Memphis_TN-MS-AR,MS
Memphis,Memphis_TN-MS-AR,AR
Buffalo,Buffalo-Cheektowaga_NY,NY
Hartford,Hartford-East Hartford-Middletown_CT,CT
Rochester,Rochester_NY,NY
Birmingham,Birmingham-Hoover_AL,AL
Salt lake city,Salt Lake City_UT,UT
Grand rapids,Grand Rapids-Kentwood_MI,MI
Tucson,Tucson_AZ,AZ
Tulsa,Tulsa_OK,OK
Albany,Albany-Schenectady-Troy_NY,NY
North port,North Port-Sarasota-Bradenton_FL,FL
Omaha,Omaha-Council Bluffs_NE-IA,NE
Council bluffs,Omaha-Council Bluffs_NE-IA,IA
Albuquerque,Albuquerque_NM,NM
Worcester,Worcester_MA-CT,MA
Worcester,Worcester_MA-CT,CT
Greenville,Greenville-Anderson_SC,SC
Knoxville,Knoxville_TN,TN
Bridgeport,Bridgeport-Stamford-Norwalk_CT,CT
Dayton,Dayton-Kettering_OH,OH
New haven,New Haven-Milford_CT,CT
Allentown,Allentown-Bethlehem-Easton_PA-NJ,PA
Bethlehem,Allentown-Bethlehem-Easton_PA-NJ,NJ
Cape coral,Cape Coral-Fort Myers_FL,FL
Charleston,Charleston-North Charleston_SC,SC
Columbia,Columbia_SC,SC
Baton rouge,Baton Rouge_LA,LA
Urban honolulu,Urban Honolulu_HI,HI
Fresno,Fresno_CA,CA
Greensboro,Greensboro-High Point_NC,NC
Little rock,Little Rock-North Little Rock-Conway_AR,AR
Colorado springs,Colorado Springs_CO,CO
Boise city,Boise City_ID,ID
Akron,Akron_OH,OH
Madison,Madison_WI,WI
Deltona,Deltona-Daytona Beach-Ormond Beach_FL,FL
Des moines,Des Moines-West Des Moines_IA,IA
Lakeland,Lakeland-Winter Haven_FL,FL
Springfield,Springfield_MA,MA
El paso,El Paso_TX,TX
Bakersfield,Bakersfield_CA,CA
Syracuse,Syracuse_NY,NY
Oxnard,Oxnard-Thousand Oaks-Ventura_CA,CA
Winston,Winston-Salem_NC,NC
Toledo,Toledo_OH,OH
Palm bay,Palm Bay-Melbourne-Titusville_FL,FL
Durham,Durham-Chapel Hill_NC,NC
Wichita,Wichita_KS,KS
Mcallen,McAllen-Edinburg-Mission_TX,TX
Poughkeepsie,Poughkeepsie-Newburgh-Middletown_NY,NY
Harrisburg,Harrisburg-Carlisle_PA,PA
Stockton,Stockton_CA,CA
Augusta,Augusta-Richmond County_GA-SC,GA
Richmond county,Augusta-Richmond County_GA-SC,SC
Spokane,Spokane-Spokane Valley_WA,WA
Portland,Portland-South Portland_ME,ME
Chattanooga,Chattanooga_TN-GA,TN
Chattanooga,Chattanooga_TN-GA,GA
Scranton,Scranton--Wilkes-Barre_PA,PA
Ogden,Ogden-Clearfield_UT,UT
Lansing,Lansing-East Lansing_MI,MI
Myrtle beach,Myrtle Beach-Conway-North Myrtle Beach_SC-NC,SC
Conway,Myrtle Beach-Conway-North Myrtle Beach_SC-NC,NC
Youngstown,Youngstown-Warren-Boardman_OH-PA,OH
Warren,Youngstown-Warren-Boardman_OH-PA,PA
Jackson,Jackson_MS,MS
Lexington,Lexington-Fayette_KY,KY
Lancaster,Lancaster_PA,PA
Fayetteville,Fayetteville-Springdale-Rogers_AR,AR
Huntsville,Huntsville_AL,AL
Pensacola,Pensacola-Ferry Pass-Brent_FL,FL
Port st. lucie,Port St. Lucie_FL,FL
Asheville,Asheville_NC,NC
Fayetteville,Fayetteville_NC,NC
Springfield,Springfield_MO,MO
Lafayette,Lafayette_LA,LA
Provo,Provo-Orem_UT,UT
Santa rosa,Santa Rosa-Petaluma_CA,CA
Reno,Reno_NV,NV
York,York-Hanover_PA,PA
Modesto,Modesto_CA,CA
Salisbury,Salisbury_MD-DE,MD
Salisbury,Salisbury_MD-DE,DE
Killeen,Killeen-Temple_TX,TX
Mobile,Mobile_AL,AL
Manchester,Manchester-Nashua_NH,NH
Naples,Naples-Marco Island_FL,FL
Fort wayne,Fort Wayne_IN,IN
Flint,Flint_MI,MI
Eugene,Eugene-Springfield_OR,OR
Canton,Canton-Massillon_OH,OH
Gulfport,Gulfport-Biloxi_MS,MS
Peoria,Peoria_IL,IL
Salem,Salem_OR,OR
Reading,Reading_PA,PA
Corpus christi,Corpus Christi_TX,TX
Davenport,Davenport-Moline-Rock Island_IA-IL,IA
Moline,Davenport-Moline-Rock Island_IA-IL,IL
Ocala,Ocala_FL,FL
Shreveport,Shreveport-Bossier City_LA,LA
Vallejo,Vallejo_CA,CA
Tallahassee,Tallahassee_FL,FL
Savannah,Savannah_GA,GA
Fort collins,Fort Collins_CO,CO
Ann arbor,Ann Arbor_MI,MI
Santa maria,Santa Maria-Santa Barbara_CA,CA
Anchorage,Anchorage_AK,AK
Montgomery,Montgomery_AL,AL
Beaumont,Beaumont-Port Arthur_TX,TX
Hickory,Hickory-Lenoir-Morganton_NC,NC
Huntington,Huntington-Ashland_WV-KY-OH,WV
Ashland,Huntington-Ashland_WV-KY-OH,KY
Ashland,Huntington-Ashland_WV-KY-OH,OH
Trenton,Trenton-Princeton_NJ,NJ
Visalia,Visalia_CA,CA
Lincoln,Lincoln_NE,NE
Gainesville,Gainesville_FL,FL
Boulder,Boulder_CO,CO
Green bay,Green Bay_WI,WI
Salinas,Salinas_CA,CA
Roanoke,Roanoke_VA,VA
Kingsport,Kingsport-Bristol_TN-VA,TN
Bristol,Kingsport-Bristol_TN-VA,VA
Rockford,Rockford_IL,IL
Evansville,Evansville_IN-KY,IN
Evansville,Evansville_IN-KY,KY
Columbus,Columbus_GA-AL,GA
Columbus,Columbus_GA-AL,AL
South bend,South Bend-Mishawaka_IN-MI,IN
Mishawaka,South Bend-Mishawaka_IN-MI,MI
Brownsville,Brownsville-Harlingen_TX,TX
Wilmington,Wilmington_NC,NC
Spartanburg,Spartanburg_SC,SC
Duluth,Duluth_MN-WI,MN
Duluth,Duluth_MN-WI,WI
Lubbock,Lubbock_TX,TX
Greeley,Greeley_CO,CO
Utica,Utica-Rome_NY,NY
Olympia,Olympia-Lacey-Tumwater_WA,WA
Clarksville,Clarksville_TN-KY,TN
Clarksville,Clarksville_TN-KY,KY
Crestview,Crestview-Fort Walton Beach-Destin_FL,FL
Cedar rapids,Cedar Rapids_IA,IA
Hagerstown,Hagerstown-Martinsburg_MD-WV,MD
Martinsburg,Hagerstown-Martinsburg_MD-WV,WV
Sioux falls,Sioux Falls_SD,SD
Kalamazoo,Kalamazoo-Portage_MI,MI
Fargo,Fargo_ND-MN,ND
Fargo,Fargo_ND-MN,MN
Bremerton,Bremerton-Silverdale-Port Orchard_WA,WA
Erie,Erie_PA,PA
Kennewick,Kennewick-Richland_WA,WA
Charleston,Charleston_WV,WV
San luis obispo,San Luis Obispo-Paso Robles_CA,CA
Longview,Longview_TX,TX
Lynchburg,Lynchburg_VA,VA
Norwich,Norwich-New London_CT,CT
Waco,Waco_TX,TX
Tuscaloosa,Tuscaloosa_AL,AL
College station,College Station-Bryan_TX,TX
Prescott valley,Prescott Valley-Prescott_AZ,AZ
Atlantic city,Atlantic City-Hammonton_NJ,NJ
Binghamton,Binghamton_NY,NY
Amarillo,Amarillo_TX,TX
Daphne,Daphne-Fairhope-Foley_AL,AL
Barnstable town,Barnstable Town_MA,MA
Appleton,Appleton_WI,WI
Santa cruz,Santa Cruz-Watsonville_CA,CA
Fort smith,Fort Smith_AR-OK,AR
Fort smith,Fort Smith_AR-OK,OK
Bellingham,Bellingham_WA,WA
Lebanon,Lebanon_NH-VT,NH
Lebanon,Lebanon_NH-VT,VT
Topeka,Topeka_KS,KS
Champaign,Champaign-Urbana_IL,IL
Medford,Medford_OR,OR
Burlington,Burlington-South Burlington_VT,VT
Rochester,Rochester_MN,MN
Hilton head island,Hilton Head Island-Bluffton_SC,SC
Punta gorda,Punta Gorda_FL,FL
Lafayette,Lafayette-West Lafayette_IN,IN
Tyler,Tyler_TX,TX
Macon,Macon-Bibb County_GA,GA
Springfield,Springfield_IL,IL
Johnson city,Johnson City_TN,TN
Charlottesville,Charlottesville_VA,VA
Lake havasu city,Lake Havasu City-Kingman_AZ,AZ
Bend,Bend_OR,OR
Yakima,Yakima_WA,WA
Columbia,Columbia_MO,MO
Chico,Chico_CA,CA
Las cruces,Las Cruces_NM,NM
Lake charles,Lake Charles_LA,LA
Merced,Merced_CA,CA
Athens,Athens-Clarke County_GA,GA
St. cloud,St. Cloud_MN,MN
Billings,Billings_MT,MT
Hilo,Hilo_HI,HI
Racine,Racine_WI,WI
Florence,Florence_SC,SC
Monroe,Monroe_LA,LA
Saginaw,Saginaw_MI,MI
Houma,Houma-Thibodaux_LA,LA
Laredo,Laredo_TX,TX
Torrington,Torrington_CT,CT
Greenville,Greenville_NC,NC
Kingston,Kingston_NY,NY
Warner robins,Warner Robins_GA,GA
Elkhart,Elkhart-Goshen_IN,IN
Iowa city,Iowa City_IA,IA
Oshkosh,Oshkosh-Neenah_WI,WI
Bowling green,Bowling Green_KY,KY
Redding,Redding_CA,CA
Sebastian,Sebastian-Vero Beach_FL,FL
Coeur d alene,Coeur d Alene_ID,ID
Terre haute,Terre Haute_IN,IN
Gainesville,Gainesville_GA,GA
Midland,Midland_TX,TX
Eau claire,Eau Claire_WI,WI
Waterloo,Waterloo-Cedar Falls_IA,IA
Jackson,Jackson_TN,TN
Dover,Dover_DE,DE
Panama city,Panama City_FL,FL
Muskegon,Muskegon_MI,MI
Homosassa springs,Homosassa Springs_FL,FL
Jacksonville,Jacksonville_NC,NC
Bloomington,Bloomington_IN,IN
Pueblo,Pueblo_CO,CO
The villages,The Villages_FL,FL
Joplin,Joplin_MO,MO
Auburn,Auburn-Opelika_AL,AL
Burlington,Burlington_NC,NC
Santa fe,Santa Fe_NM,NM
Wausau,Wausau-Weston_WI,WI
Bloomington,Bloomington_IL,IL
Yuma,Yuma_AZ,AZ
Abilene,Abilene_TX,TX
Hattiesburg,Hattiesburg_MS,MS
St. george,St. George_UT,UT
Janesville,Janesville-Beloit_WI,WI
Blacksburg,Blacksburg-Christiansburg_VA,VA
Traverse city,Traverse City_MI,MI
Florence,Florence-Muscle Shoals_AL,AL
Bangor,Bangor_ME,ME
Tupelo,Tupelo_MS,MS
Niles,Niles_MI,MI
Dothan,Dothan_AL,AL
East stroudsburg,East Stroudsburg_PA,PA
State college,State College_PA,PA
Kahului,Kahului-Wailuku-Lahaina_HI,HI
Decatur,Decatur_AL,AL
Jackson,Jackson_MI,MI
Chambersburg,Chambersburg-Waynesboro_PA,PA
Grand junction,Grand Junction_CO,CO
Concord,Concord_NH,NH
Rapid city,Rapid City_SD,SD
Odessa,Odessa_TX,TX
Elizabethtown,Elizabethtown-Fort Knox_KY,KY
Morgantown,Morgantown_WV,WV
Ottawa,Ottawa_IL,IL
Monroe,Monroe_MI,MI
Yuba city,Yuba City_CA,CA
Jefferson city,Jefferson City_MO,MO
London,London_KY,KY
Pottsville,Pottsville_PA,PA
Wichita falls,Wichita Falls_TX,TX
Texarkana,Texarkana_TX-AR,TX
Texarkana,Texarkana_TX-AR,AR
Wheeling,Wheeling_WV-OH,WV
Wheeling,Wheeling_WV-OH,OH
Rocky mount,Rocky Mount_NC,NC
La crosse,La Crosse-Onalaska_WI-MN,WI
Onalaska,La Crosse-Onalaska_WI-MN,MN
Alexandria,Alexandria_LA,LA
Lebanon,Lebanon_PA,PA
Bismarck,Bismarck_ND,ND
Carbondale,Carbondale-Marion_IL,IL
Eureka,Eureka-Arcata_CA,CA
Morristown,Morristown_TN,TN
Sioux city,Sioux City_IA-NE-SD,IA
Sioux city,Sioux City_IA-NE-SD,NE
Sioux city,Sioux City_IA-NE-SD,SD
Idaho falls,Idaho Falls_ID,ID
Valdosta,Valdosta_GA,GA
Pittsfield,Pittsfield_MA,MA
Winchester,Winchester_VA-WV,VA
Winchester,Winchester_VA-WV,WV
Albany,Albany_GA,GA
Johnstown,Johnstown_PA,PA
Sherman,Sherman-Denison_TX,TX
Jamestown,Jamestown-Dunkirk-Fredonia_NY,NY
Battle creek,Battle Creek_MI,MI
Springfield,Springfield_OH,OH
Glens falls,Glens Falls_NY,NY
Missoula,Missoula_MT,MT
Hammond,Hammond_LA,LA
Mount vernon,Mount Vernon-Anacortes_WA,WA
Augusta,Augusta-Waterville_ME,ME
Jonesboro,Jonesboro_AR,AR
El centro,El Centro_CA,CA
Sumter,Sumter_SC,SC
Staunton,Staunton_VA,VA
Albany,Albany-Lebanon_OR,OR
Bozeman,Bozeman_MT,MT
Altoona,Altoona_PA,PA
Vineland,Vineland-Bridgeton_NJ,NJ
Lawrence,Lawrence_KS,KS
Harrisonburg,Harrisonburg_VA,VA
Ames,Ames_IA,IA
Dalton,Dalton_GA,GA
Goldsboro,Goldsboro_NC,NC
Cleveland,Cleveland_TN,TN
Mansfield,Mansfield_OH,OH
Weirton,Weirton-Steubenville_WV-OH,WV
Steubenville,Weirton-Steubenville_WV-OH,OH
New bern,New Bern_NC,NC
Owensboro,Owensboro_KY,KY
San angelo,San Angelo_TX,TX
Sheboygan,Sheboygan_WI,WI
Napa,Napa_CA,CA
Sierra vista,Sierra Vista-Douglas_AZ,AZ
Brunswick,Brunswick_GA,GA
Manhattan,Manhattan_KS,KS
Cookeville,Cookeville_TN,TN
Roseburg,Roseburg_OR,OR
Wenatchee,Wenatchee_WA,WA
Williamsport,Williamsport_PA,PA
Logan,Logan_UT-ID,UT
Logan,Logan_UT-ID,ID
Holland,Holland_MI,MI
Flagstaff,Flagstaff_AZ,AZ
St. joseph,St. Joseph_MO-KS,MO
St. joseph,St. Joseph_MO-KS,KS
Beckley,Beckley_WV,WV
Lawton,Lawton_OK,OK
Sebring,Sebring-Avon Park_FL,FL
Kalispell,Kalispell_MT,MT
Lumberton,Lumberton_NC,NC
Madera,Madera_CA,CA
Anniston,Anniston-Oxford_AL,AL
Lewiston,Lewiston-Auburn_ME,ME
Muncie,Muncie_IN,IN
Longview,Longview_WA,WA
Pinehurst,Pinehurst-Southern Pines_NC,NC
Wooster,Wooster_OH,OH
Bluefield,Bluefield_WV-VA,WV
Bluefield,Bluefield_WV-VA,VA
Decatur,Decatur_IL,IL
Bay city,Bay City_MI,MI
Grand forks,Grand Forks_ND-MN,ND
Grand forks,Grand Forks_ND-MN,MN
Hanford,Hanford-Corcoran_CA,CA
Richmond,Richmond-Berea_KY,KY
Tullahoma,Tullahoma-Manchester_TN,TN
Fond du lac,Fond du Lac_WI,WI
California,California-Lexington Park_MD,MD
Farmington,Farmington_NM,NM
Truckee,Truckee-Grass Valley_CA,CA
Danville,Danville_VA,VA
Hot springs,Hot Springs_AR,AR
Michigan city,Michigan City-La Porte_IN,IN
Ogdensburg,Ogdensburg-Massena_NY,NY
Twin falls,Twin Falls_ID,ID
Watertown,Watertown-Fort Drum_NY,NY
Gadsden,Gadsden_AL,AL
Cheyenne,Cheyenne_WY,WY
Ithaca,Ithaca_NY,NY
Whitewater,Whitewater_WI,WI
Paducah,Paducah_KY-IL,KY
Paducah,Paducah_KY-IL,IL
Brainerd,Brainerd_MN,MN
Corning,Corning_NY,NY
Salem,Salem_OH,OH
Mankato,Mankato_MN,MN
Ocean city,Ocean City_NJ,NJ
Lagrange,LaGrange_GA-AL,GA
Lagrange,LaGrange_GA-AL,AL
Gettysburg,Gettysburg_PA,PA
Dubuque,Dubuque_IA,IA
Kankakee,Kankakee_IL,IL
Lima,Lima_OH,OH
Shelby,Shelby_NC,NC
Sevierville,Sevierville_TN,TN
Cumberland,Cumberland_MD-WV,MD
Cumberland,Cumberland_MD-WV,WV
Cape girardeau,Cape Girardeau_MO-IL,MO
Cape girardeau,Cape Girardeau_MO-IL,IL
Corvallis,Corvallis_OR,OR
Ashtabula,Ashtabula_OH,OH
Sunbury,Sunbury_PA,PA
Adrian,Adrian_MI,MI
Meridian,Meridian_MS,MS
Grants pass,Grants Pass_OR,OR
Victoria,Victoria_TX,TX
Albertville,Albertville_AL,AL
Clarksburg,Clarksburg_WV,WV
Parkersburg,Parkersburg-Vienna_WV,WV
New philadelphia,New Philadelphia-Dover_OH,OH
Oak harbor,Oak Harbor_WA,WA
Rome,Rome_GA,GA
Pocatello,Pocatello_ID,ID
Fairbanks,Fairbanks_AK,AK
Show low,Show Low_AZ,AZ
Helena,Helena_MT,MT
New castle,New Castle_PA,PA
Port angeles,Port Angeles_WA,WA
Zanesville,Zanesville_OH,OH
Elmira,Elmira_NY,NY
Ukiah,Ukiah_CA,CA
Kokomo,Kokomo_IN,IN
Great falls,Great Falls_MT,MT
Cullman,Cullman_AL,AL
Midland,Midland_MI,MI
Moses lake,Moses Lake_WA,WA
Beaver dam,Beaver Dam_WI,WI
Bloomsburg,Bloomsburg-Berwick_PA,PA
Indiana,Indiana_PA,PA
Key west,Key West_FL,FL
Watertown,Watertown-Fort Atkinson_WI,WI
Meadville,Meadville_PA,PA
Manitowoc,Manitowoc_WI,WI
Centralia,Centralia_WA,WA
Athens,Athens_TX,TX
Columbus,Columbus_IN,IN
Plattsburgh,Plattsburgh_NY,NY
Seneca,Seneca_SC,SC
Casper,Casper_WY,WY
Minot,Minot_ND,ND
Orangeburg,Orangeburg_SC,SC
Hermiston,Hermiston-Pendleton_OR,OR
Olean,Olean_NY,NY
Russellville,Russellville_AR,AR
Wilson,Wilson_NC,NC
Auburn,Auburn_NY,NY
Stillwater,Stillwater_OK,OK
Dubois,DuBois_PA,PA
Lufkin,Lufkin_TX,TX
Laurel,Laurel_MS,MS
Talladega,Talladega-Sylacauga_AL,AL
Wisconsin rapids,Wisconsin Rapids-Marshfield_WI,WI
Opelousas,Opelousas_LA,LA
Findlay,Findlay_OH,OH
Keene,Keene_NH,NH
Frankfort,Frankfort_KY,KY
Sandusky,Sandusky_OH,OH
Quincy,Quincy_IL-MO,IL
Quincy,Quincy_IL-MO,MO
Morehead city,Morehead City_NC,NC
Warsaw,Warsaw_IN,IN
Aberdeen,Aberdeen_WA,WA
Pine bluff,Pine Bluff_AR,AR
Glenwood springs,Glenwood Springs_CO,CO
Searcy,Searcy_AR,AR
Hinesville,Hinesville_GA,GA
Danville,Danville_IL,IL
Somerset,Somerset_PA,PA
Statesboro,Statesboro_GA,GA
Stevens point,Stevens Point_WI,WI
Grand island,Grand Island_NE,NE
Palatka,Palatka_FL,FL
Mount airy,Mount Airy_NC,NC
Chillicothe,Chillicothe_OH,OH
Portsmouth,Portsmouth_OH,OH
Klamath falls,Klamath Falls_OR,OR
Greeneville,Greeneville_TN,TN
Marquette,Marquette_MI,MI
Greenwood,Greenwood_SC,SC
Coos bay,Coos Bay_OR,OR
Marinette,Marinette_WI-MI,WI
Marinette,Marinette_WI-MI,MI
Roanoke rapids,Roanoke Rapids_NC,NC
North wilkesboro,North Wilkesboro_NC,NC
Jefferson,Jefferson_GA,GA
Shelton,Shelton_WA,WA
Lewiston,Lewiston_ID-WA,ID
Lewiston,Lewiston_ID-WA,WA
Martinsville,Martinsville_VA,VA
Baraboo,Baraboo_WI,WI
Shawnee,Shawnee_OK,OK
Fort payne,Fort Payne_AL,AL
Forest city,Forest City_NC,NC
Somerset,Somerset_KY,KY
Crossville,Crossville_TN,TN
Heber,Heber_UT,UT
Alamogordo,Alamogordo_NM,NM
Granbury,Granbury_TX,TX
Lake city,Lake City_FL,FL
Mount pleasant,Mount Pleasant_MI,MI
Clearlake,Clearlake_CA,CA
Richmond,Richmond_IN,IN
Laconia,Laconia_NH,NH
Kapaa,Kapaa_HI,HI
Hudson,Hudson_NY,NY
Georgetown,Georgetown_SC,SC
Barre,Barre_VT,VT
Marion,Marion_IN,IN
Rutland,Rutland_VT,VT
Fergus falls,Fergus Falls_MN,MN
Muskogee,Muskogee_OK,OK
Marietta,Marietta_OH,OH
Jasper,Jasper_AL,AL
Sayre,Sayre_PA,PA
Albemarle,Albemarle_NC,NC
Charleston,Charleston-Mattoon_IL,IL
Hutchinson,Hutchinson_KS,KS
Farmington,Farmington_MO,MO
Hobbs,Hobbs_NM,NM
Oneonta,Oneonta_NY,NY
Marion,Marion_OH,OH
Athens,Athens_OH,OH
Fort madison,Fort Madison-Keokuk_IA-IL-MO,IA
Keokuk,Fort Madison-Keokuk_IA-IL-MO,IL
Keokuk,Fort Madison-Keokuk_IA-IL-MO,MO
Red bluff,Red Bluff_CA,CA
Faribault,Faribault-Northfield_MN,MN
Salina,Salina_KS,KS
Dublin,Dublin_GA,GA
Nacogdoches,Nacogdoches_TX,TX
Enid,Enid_OK,OK
Cullowhee,Cullowhee_NC,NC
Durango,Durango_CO,CO
Starkville,Starkville_MS,MS
Batavia,Batavia_NY,NY
Fairmont,Fairmont_WV,WV
Sanford,Sanford_NC,NC
Fremont,Fremont_OH,OH
Huntsville,Huntsville_TX,TX
Mount vernon,Mount Vernon_OH,OH
Sturgis,Sturgis_MI,MI
Gillette,Gillette_WY,WY
Walla walla,Walla Walla_WA,WA
Kearney,Kearney_NE,NE
Roswell,Roswell_NM,NM
Columbus,Columbus_MS,MS
Newport,Newport_OR,OR
Boone,Boone_NC,NC
Carlsbad,Carlsbad-Artesia_NM,NM
Sterling,Sterling_IL,IL
Ardmore,Ardmore_OK,OK
Kinston,Kinston_NC,NC
Norwalk,Norwalk_OH,OH
Fernley,Fernley_NV,NV
Gloversville,Gloversville_NY,NY
Poplar bluff,Poplar Bluff_MO,MO
Branson,Branson_MO,MO
Point pleasant,Point Pleasant_WV-OH,WV
Point pleasant,Point Pleasant_WV-OH,OH
Kerrville,Kerrville_TX,TX
Oxford,Oxford_MS,MS
Carson city,Carson City_NV,NV
Sonora,Sonora_CA,CA
Batesville,Batesville_AR,AR
Glasgow,Glasgow_KY,KY
Gallup,Gallup_NM,NM
Mason city,Mason City_IA,IA
Jasper,Jasper_IN,IN
Athens,Athens_TN,TN
Enterprise,Enterprise_AL,AL
Gaffney,Gaffney_SC,SC
Payson,Payson_AZ,AZ
Bartlesville,Bartlesville_OK,OK
Tiffin,Tiffin_OH,OH
Danville,Danville_KY,KY
Scottsboro,Scottsboro_AL,AL
Alexander city,Alexander City_AL,AL
Oil city,Oil City_PA,PA
Calhoun,Calhoun_GA,GA
Picayune,Picayune_MS,MS
Gardnerville ranchos,Gardnerville Ranchos_NV,NV
Ashland,Ashland_OH,OH
Sandpoint,Sandpoint_ID,ID
Greenville,Greenville_OH,OH
Elizabeth city,Elizabeth City_NC,NC
Waycross,Waycross_GA,GA
Amsterdam,Amsterdam_NY,NY
St. marys,St. Marys_GA,GA
Ellensburg,Ellensburg_WA,WA
Edwards,Edwards_CO,CO
Galesburg,Galesburg_IL,IL
Warrensburg,Warrensburg_MO,MO
Ozark,Ozark_AL,AL
Rochelle,Rochelle_IL,IL
Ontario,Ontario_OR-ID,OR
Ontario,Ontario_OR-ID,ID
Cadillac,Cadillac_MI,MI
Pullman,Pullman_WA,WA
Paris,Paris_TX,TX
Elko,Elko_NV,NV
Durant,Durant_OK,OK
Montrose,Montrose_CO,CO
Winona,Winona_MN,MN
Platteville,Platteville_WI,WI
Malone,Malone_NY,NY
Pahrump,Pahrump_NV,NV
Washington,Washington_NC,NC
Cedar city,Cedar City_UT,UT
Norfolk,Norfolk_NE,NE
Clinton,Clinton_IA,IA
Burlington,Burlington_IA-IL,IA
Burlington,Burlington_IA-IL,IL
Grand rapids,Grand Rapids_MN,MN
Red wing,Red Wing_MN,MN
Milledgeville,Milledgeville_GA,GA
Mountain home,Mountain Home_AR,AR
Lewistown,Lewistown_PA,PA
Cortland,Cortland_NY,NY
Bedford,Bedford_IN,IN
Bemidji,Bemidji_MN,MN
Corsicana,Corsicana_TX,TX
Shelbyville,Shelbyville_TN,TN
Freeport,Freeport_IL,IL
Mount sterling,Mount Sterling_KY,KY
Bardstown,Bardstown_KY,KY
Natchez,Natchez_MS-LA,MS
Natchez,Natchez_MS-LA,LA
Tahlequah,Tahlequah_OK,OK
Harrison,Harrison_AR,AR
Jacksonville,Jacksonville_TX,TX
Shawano,Shawano_WI,WI
New castle,New Castle_IN,IN
Wapakoneta,Wapakoneta_OH,OH
Sidney,Sidney_OH,OH
Marion,Marion_NC,NC
Rio grande city,Rio Grande City-Roma_TX,TX
Bellefontaine,Bellefontaine_OH,OH
Aberdeen,Aberdeen_SD,SD
Madisonville,Madisonville_KY,KY
Morgan city,Morgan City_LA,LA
Douglas,Douglas_GA,GA
Clovis,Clovis_NM,NM
Hillsdale,Hillsdale_MI,MI
Ruston,Ruston_LA,LA
Kendallville,Kendallville_IN,IN
Thomasville,Thomasville_GA,GA
Menomonie,Menomonie_WI,WI
Canon city,Canon City_CO,CO
Bogalusa,Bogalusa_LA,LA
Alice,Alice_TX,TX
Paragould,Paragould_AR,AR
Willmar,Willmar_MN,MN
Astoria,Astoria_OR,OR
Williston,Williston_ND,ND
Rockingham,Rockingham_NC,NC
Lawrenceburg,Lawrenceburg_TN,TN
Bucyrus,Bucyrus-Galion_OH,OH
Seymour,Seymour_IN,IN
Vicksburg,Vicksburg_MS,MS
Laramie,Laramie_WY,WY
Plymouth,Plymouth_IN,IN
Henderson,Henderson_NC,NC
Rolla,Rolla_MO,MO
Moscow,Moscow_ID,ID
Huntingdon,Huntingdon_PA,PA
Big rapids,Big Rapids_MI,MI
Palestine,Palestine_TX,TX
Fort polk south,Fort Polk South_LA,LA
Duncan,Duncan_OK,OK
Eagle pass,Eagle Pass_TX,TX
Warren,Warren_PA,PA
Ponca city,Ponca City_OK,OK
Alexandria,Alexandria_MN,MN
Mcalester,McAlester_OK,OK
Murray,Murray_KY,KY
Auburn,Auburn_IN,IN
Mcminnville,McMinnville_TN,TN
Coldwater,Coldwater_MI,MI
Cornelia,Cornelia_GA,GA
Wilmington,Wilmington_OH,OH
Rexburg,Rexburg_ID,ID
Muscatine,Muscatine_IA,IA
Sedalia,Sedalia_MO,MO
Bradford,Bradford_PA,PA
Stephenville,Stephenville_TX,TX
Austin,Austin_MN,MN
Fort leonard wood,Fort Leonard Wood_MO,MO
West plains,West Plains_MO,MO
Burley,Burley_ID,ID
Celina,Celina_OH,OH
Del rio,Del Rio_TX,TX
Easton,Easton_MD,MD
Blackfoot,Blackfoot_ID,ID
Big stone gap,Big Stone Gap_VA,VA
Cambridge,Cambridge_OH,OH
Moultrie,Moultrie_GA,GA
Butte,Butte-Silver Bow_MT,MT
Kill devil hills,Kill Devil Hills_NC,NC
Mount pleasant,Mount Pleasant_TX,TX
Escanaba,Escanaba_MI,MI
Gainesville,Gainesville_TX,TX
Rock springs,Rock Springs_WY,WY
Centralia,Centralia_IL,IL
Hannibal,Hannibal_MO,MO
Pittsburg,Pittsburg_KS,KS
Jacksonville,Jacksonville_IL,IL
Greenville,Greenville_MS,MS
El dorado,El Dorado_AR,AR
Brevard,Brevard_NC,NC
Cedartown,Cedartown_GA,GA
Bennington,Bennington_VT,VT
Lewisburg,Lewisburg_PA,PA
Sikeston,Sikeston_MO,MO
Espanola,Espanola_NM,NM
El campo,El Campo_TX,TX
Selinsgrove,Selinsgrove_PA,PA
Tifton,Tifton_GA,GA
Scottsbluff,Scottsbluff_NE,NE
Crawfordsville,Crawfordsville_IN,IN
Minden,Minden_LA,LA
Newport,Newport_TN,TN
Mount vernon,Mount Vernon_IL,IL
Dickinson,Dickinson_ND,ND
Fremont,Fremont_NE,NE
Lock haven,Lock Haven_PA,PA
Defiance,Defiance_OH,OH
Blytheville,Blytheville_AR,AR
Taos,Taos_NM,NM
Riverton,Riverton_WY,WY
Urbana,Urbana_OH,OH
North platte,North Platte_NE,NE
Natchitoches,Natchitoches_LA,LA
Marshalltown,Marshalltown_IA,IA
Fort dodge,Fort Dodge_IA,IA
Ada,Ada_OK,OK
Mayfield,Mayfield_KY,KY
Newberry,Newberry_SC,SC
Campbellsville,Campbellsville_KY,KY
Brownwood,Brownwood_TX,TX
Vincennes,Vincennes_IN,IN
Owatonna,Owatonna_MN,MN
Okeechobee,Okeechobee_FL,FL
Jackson,Jackson_WY-ID,WY
Jackson,Jackson_WY-ID,ID
Coshocton,Coshocton_OH,OH
Nogales,Nogales_AZ,AZ
Mccomb,McComb_MS,MS
Hutchinson,Hutchinson_MN,MN
Houghton,Houghton_MI,MI
Corinth,Corinth_MS,MS
Emporia,Emporia_KS,KS
Dyersburg,Dyersburg_TN,TN
Alma,Alma_MI,MI
Lebanon,Lebanon_MO,MO
Deridder,DeRidder_LA,LA
Ottumwa,Ottumwa_IA,IA
Watertown,Watertown_SD,SD
Huntington,Huntington_IN,IN
Sault ste. marie,Sault Ste. Marie_MI,MI
Logansport,Logansport_IN,IN
Bay city,Bay City_TX,TX
Brenham,Brenham_TX,TX
Sulphur springs,Sulphur Springs_TX,TX
Pontiac,Pontiac_IL,IL
Lewisburg,Lewisburg_TN,TN
Greenwood,Greenwood_MS,MS
Effingham,Effingham_IL,IL
Angola,Angola_IN,IN
Selma,Selma_AL,AL
Atmore,Atmore_AL,AL
Seneca falls,Seneca Falls_NY,NY
Berlin,Berlin_NH,NH
Brookings,Brookings_SD,SD
Troy,Troy_AL,AL
Columbus,Columbus_NE,NE
Garden city,Garden City_KS,KS
Clewiston,Clewiston_FL,FL
Martin,Martin_TN,TN
Paris,Paris_TN,TN
Vidalia,Vidalia_GA,GA
Cambridge,Cambridge_MD,MD
Sheridan,Sheridan_WY,WY
Breckenridge,Breckenridge_CO,CO
Winfield,Winfield_KS,KS
Taylorville,Taylorville_IL,IL
Iron mountain,Iron Mountain_MI-WI,MI
Iron mountain,Iron Mountain_MI-WI,WI
Las vegas,Las Vegas_NM,NM
Bonham,Bonham_TX,TX
Albert lea,Albert Lea_MN,MN
Dixon,Dixon_IL,IL
St. marys,St. Marys_PA,PA
Pella,Pella_IA,IA
Brookhaven,Brookhaven_MS,MS
Peru,Peru_IN,IN
Dayton,Dayton_TN,TN
Jackson,Jackson_OH,OH
Hastings,Hastings_NE,NE
Laurinburg,Laurinburg_NC,NC
Americus,Americus_GA,GA
Malvern,Malvern_AR,AR
Arcadia,Arcadia_FL,FL
Mount gay,Mount Gay-Shamrock_WV,WV
Juneau,Juneau_AK,AK
Madison,Madison_IN,IN
Decatur,Decatur_IN,IN
Ludington,Ludington_MI,MI
Coffeyville,Coffeyville_KS,KS
Alpena,Alpena_MI,MI
Union city,Union City_TN,TN
Hays,Hays_KS,KS
Macomb,Macomb_IL,IL
Wabash,Wabash_IN,IN
Fredericksburg,Fredericksburg_TX,TX
Big spring,Big Spring_TX,TX
Washington,Washington_IN,IN
Vernal,Vernal_UT,UT
Camden,Camden_AR,AR
Spearfish,Spearfish_SD,SD
Jennings,Jennings_LA,LA
Mcpherson,McPherson_KS,KS
Miami,Miami_OK,OK
Silver city,Silver City_NM,NM
Hope,Hope_AR,AR
Frankfort,Frankfort_IN,IN
Central city,Central City_KY,KY
Kirksville,Kirksville_MO,MO
Safford,Safford_AZ,AZ
Washington court house,Washington Court House_OH,OH
Elkins,Elkins_WV,WV
Van wert,Van Wert_OH,OH
Kennett,Kennett_MO,MO
Bluffton,Bluffton_IN,IN
Mineral wells,Mineral Wells_TX,TX
Weatherford,Weatherford_OK,OK
Brookings,Brookings_OR,OR
Kingsville,Kingsville_TX,TX
Cleveland,Cleveland_MS,MS
Steamboat springs,Steamboat Springs_CO,CO
Union,Union_SC,SC
La grande,La Grande_OR,OR
The dalles,The Dalles_OR,OR
Fort morgan,Fort Morgan_CO,CO
Dodge city,Dodge City_KS,KS
Thomaston,Thomaston_GA,GA
Lincoln,Lincoln_IL,IL
Mountain home,Mountain Home_ID,ID
Plainview,Plainview_TX,TX
New ulm,New Ulm_MN,MN
Jesup,Jesup_GA,GA
Prineville,Prineville_OR,OR
Greensburg,Greensburg_IN,IN
Hailey,Hailey_ID,ID
Middlesborough,Middlesborough_KY,KY
Great bend,Great Bend_KS,KS
North vernon,North Vernon_IN,IN
Marshall,Marshall_MN,MN
Rockport,Rockport_TX,TX
Toccoa,Toccoa_GA,GA
Ottawa,Ottawa_KS,KS
Fallon,Fallon_NV,NV
Crescent city,Crescent City_CA,CA
Eufaula,Eufaula_AL-GA,AL
Eufaula,Eufaula_AL-GA,GA
Bainbridge,Bainbridge_GA,GA
Mitchell,Mitchell_SD,SD
Lexington,Lexington_NE,NE
Wahpeton,Wahpeton_ND-MN,ND
Wahpeton,Wahpeton_ND-MN,MN
Altus,Altus_OK,OK
Scottsburg,Scottsburg_IN,IN
Beeville,Beeville_TX,TX
Deming,Deming_NM,NM
Mexico,Mexico_MO,MO
Ruidoso,Ruidoso_NM,NM
Beatrice,Beatrice_NE,NE
Summerville,Summerville_GA,GA
Uvalde,Uvalde_TX,TX
Connersville,Connersville_IN,IN
Bennettsville,Bennettsville_SC,SC
Jamestown,Jamestown_ND,ND
Yankton,Yankton_SD,SD
Hood river,Hood River_OR,OR
Woodward,Woodward_OK,OK
Oskaloosa,Oskaloosa_IA,IA
Susanville,Susanville_CA,CA
Magnolia,Magnolia_AR,AR
Moberly,Moberly_MO,MO
Los alamos,Los Alamos_NM,NM
Grants,Grants_NM,NM
Fairmont,Fairmont_MN,MN
Marshall,Marshall_MO,MO
Pierre,Pierre_SD,SD
Huron,Huron_SD,SD
Cordele,Cordele_GA,GA
Carroll,Carroll_IA,IA
Spirit lake,Spirit Lake_IA,IA
Grenada,Grenada_MS,MS
Levelland,Levelland_TX,TX
Arkadelphia,Arkadelphia_AR,AR
Vineyard haven,Vineyard Haven_MA,MA
Borger,Borger_TX,TX
Price,Price_UT,UT
Forrest city,Forrest City_AR,AR
Pampa,Pampa_TX,TX
Sterling,Sterling_CO,CO
Wauchula,Wauchula_FL,FL
Parsons,Parsons_KS,KS
Worthington,Worthington_MN,MN
Fairfield,Fairfield_IA,IA
Maryville,Maryville_MO,MO
Port lavaca,Port Lavaca_TX,TX
Elk city,Elk City_OK,OK
West point,West Point_MS,MS
Clarksdale,Clarksdale_MS,MS
Evanston,Evanston_WY,WY
Storm lake,Storm Lake_IA,IA
Indianola,Indianola_MS,MS
Spencer,Spencer_IA,IA
Andrews,Andrews_TX,TX
Brownsville,Brownsville_TN,TN
Maysville,Maysville_KY,KY
Guymon,Guymon_OK,OK
Portales,Portales_NM,NM
Liberal,Liberal_KS,KS
Dumas,Dumas_TX,TX
Helena,Helena-West Helena_AR,AR
Winnemucca,Winnemucca_NV,NV
Fitzgerald,Fitzgerald_GA,GA
Othello,Othello_WA,WA
Hereford,Hereford_TX,TX
Pearsall,Pearsall_TX,TX
Atchison,Atchison_KS,KS
Sweetwater,Sweetwater_TX,TX
Snyder,Snyder_TX,TX
Ketchikan,Ketchikan_AK,AK
Raymondville,Raymondville_TX,TX
Vermillion,Vermillion_SD,SD
Craig,Craig_CO,CO
Pecos,Pecos_TX,TX
Vernon,Vernon_TX,TX
Zapata,Zapata_TX,TX
Lamesa,Lamesa_TX,TX
