county_name,county_name_state,state
Petroleum,petroleum_mt,mt
Franklin,franklin_oh,oh
New haven,new haven_ct,ct
Kit carson,kit carson_co,co
Hudson,hudson_nj,nj
Spartanburg,spartanburg_sc,sc
Wallowa,wallowa_or,or
Sandusky,sandusky_oh,oh
Burnet,burnet_tx,tx
Johnson,johnson_mo,mo
Putnam,putnam_il,il
Union,union_ky,ky
Ward,ward_tx,tx
Franklin,franklin_va,va
Alpena,alpena_mi,mi
Blackford,blackford_in,in
Hancock,hancock_ga,ga
Polk,polk_mo,mo
Monroe,monroe_ga,ga
Edwards,edwards_il,il
Norfolk city,norfolk city_va,va
Trinity,trinity_ca,ca
Cass,cass_tx,tx
Clayton,clayton_ia,ia
Claiborne,claiborne_ms,ms
Jackson,jackson_tn,tn
Washington,washington_me,me
Mercer,mercer_nj,nj
Lamb,lamb_tx,tx
Clare,clare_mi,mi
Navarro,navarro_tx,tx
Goshen,goshen_wy,wy
Meagher,meagher_mt,mt
Montgomery,montgomery_pa,pa
Kings,kings_ny,ny
Sedgwick,sedgwick_co,co
Barren,barren_ky,ky
Lamar,lamar_ms,ms
Preston,preston_wv,wv
Coal,coal_ok,ok
Wheeler,wheeler_or,or
Wright,wright_mn,mn
Metcalfe,metcalfe_ky,ky
Knott,knott_ky,ky
Martin,martin_ky,ky
Barry,barry_mo,mo
Pulaski,pulaski_in,in
Ben hill,ben hill_ga,ga
Kennebec,kennebec_me,me
st. johns,st. johns_fl,fl
Little river,little river_ar,ar
Dolores,dolores_co,co
Washington,washington_mn,mn
Oregon,oregon_mo,mo
Kanawha,kanawha_wv,wv
San juan,san juan_wa,wa
Cayuga,cayuga_ny,ny
Sagadahoc,sagadahoc_me,me
Eaton,eaton_mi,mi
Stanley,stanley_sd,sd
Duval,duval_tx,tx
Johnson,johnson_ks,ks
Monroe,monroe_in,in
Orleans,orleans_ny,ny
Jefferson,jefferson_id,id
Hawaii,hawaii_hi,hi
Marquette,marquette_wi,wi
Todd,todd_sd,sd
Henry,henry_mo,mo
Weld,weld_co,co
Marion,marion_in,in
Wells,wells_in,in
Breckinridge,breckinridge_ky,ky
Albemarle,albemarle_va,va
Calhoun,calhoun_ia,ia
Elmore,elmore_id,id
Craig,craig_ok,ok
Rockingham,rockingham_va,va
Mineral,mineral_wv,wv
Mason,mason_wa,wa
Benton,benton_mn,mn
Christian,christian_ky,ky
Jackson,jackson_tx,tx
Surry,surry_nc,nc
Throckmorton,throckmorton_tx,tx
Kearny,kearny_ks,ks
Iredell,iredell_nc,nc
Lenoir,lenoir_nc,nc
Pulaski,pulaski_mo,mo
Miami-dade,miami-dade_fl,fl
Davidson,davidson_tn,tn
Caledonia,caledonia_vt,vt
Floyd,floyd_tx,tx
Sarpy,sarpy_ne,ne
Coke,coke_tx,tx
San joaquin,san joaquin_ca,ca
Marshall,marshall_ky,ky
Lexington,lexington_sc,sc
Douglas,douglas_co,co
Banr,banr_ne,ne
Otero,otero_co,co
Dallas,dallas_tx,tx
Autauga,autauga_al,al
Scott,scott_va,va
Greene,greene_ny,ny
Nueces,nueces_tx,tx
Fond du lac,fond du lac_wi,wi
Wasatch,wasatch_ut,ut
Floyd,floyd_ia,ia
Washington,washington_tn,tn
Arthur,arthur_ne,ne
Branch,branch_mi,mi
Huntgton,huntgton_in,in
Thomas,thomas_ga,ga
Ochiltree,ochiltree_tx,tx
Stokes,stokes_nc,nc
St croix,st. croix_wi,wi
Kewaunee,kewaunee_wi,wi
Scott,scott_ar,ar
Warren,warren_mo,mo
Decatur,decatur_in,in
Pearl river,pearl river_ms,ms
Jim wells,jim wells_tx,tx
Cass,cass_mo,mo
Irion,irion_tx,tx
Santa cruz,santa cruz_az,az
Todd,todd_mn,mn
Mcdonough,mcdonough_il,il
Caswell,caswell_nc,nc
Hamilton,hamilton_tx,tx
Ingham,ingham_mi,mi
Rawlins,rawlins_ks,ks
Doniphan,doniphan_ks,ks
Lake,lake_co,co
Hancock,hancock_ky,ky
Adair,adair_ky,ky
Simpson,simpson_ms,ms
Hood river,hood river_or,or
Wheeler,wheeler_ga,ga
Wabash,wabash_il,il
Redwood,redwood_mn,mn
Gillespie,gillespie_tx,tx
Knox,knox_tx,tx
Van buren,van buren_mi,mi
Barry,barry_mi,mi
Logan,logan_ky,ky
Monroe,monroe_pa,pa
The district of,the district of_columbia,columbia
Rio grande,rio grande_co,co
Jay,jay_in,in
Hancock,hancock_ia,ia
Garrard,garrard_ky,ky
Hickory,hickory_mo,mo
Asotin,asotin_wa,wa
Halifax,halifax_va,va
De,de_al,al
Shenandoah,shenandoah_va,va
Rio arriba,rio arriba_nm,nm
Worth,worth_ga,ga
Broome,broome_ny,ny
Jackson,jackson_ia,ia
Texas,texas_mo,mo
Henderson,henderson_tn,tn
Martin,martin_fl,fl
Stark,stark_il,il
Fisher,fisher_tx,tx
Curry,curry_nm,nm
Franklin,franklin_ne,ne
Washington,washington_ny,ny
Gunnison,gunnison_co,co
Chase,chase_ne,ne
Hand,hand_sd,sd
Prairie,prairie_mt,mt
Pike,pike_ga,ga
Crittenden,crittenden_ky,ky
Thurston,thurston_ne,ne
Watauga,watauga_nc,nc
Pamlico,pamlico_nc,nc
Lewis,lewis_mo,mo
Montgomery,montgomery_al,al
Nacogdoches,nacogdoches_tx,tx
Mitchell,mitchell_tx,tx
Blount,blount_al,al
Logan,logan_oh,oh
Hempstead,hempstead_ar,ar
Washita,washita_ok,ok
Archuleta,archuleta_co,co
Wayne,wayne_il,il
Cook,cook_il,il
Hardin,hardin_ia,ia
Jackson,jackson_al,al
Kalamazoo,kalamazoo_mi,mi
Waynesboro city,waynesboro city_va,va
Posey,posey_in,in
Baldwin,baldwin_ga,ga
Pipestone,pipestone_mn,mn
Mono,mono_ca,ca
Manassas city,manassas city_va,va
Chittenden,chittenden_vt,vt
Deuel,deuel_sd,sd
Greene,greene_tn,tn
Walton,walton_fl,fl
Macon,macon_mo,mo
Garfield,garfield_ok,ok
Dukes,dukes_ma,ma
Dickinson,dickinson_mi,mi
Skamania,skamania_wa,wa
Hampden,hampden_ma,ma
Stone,stone_ar,ar
Ogle,ogle_il,il
Haywood,haywood_nc,nc
Summit,summit_co,co
Crow wing,crow wing_mn,mn
Taliaferro,taliaferro_ga,ga
Scurry,scurry_tx,tx
Pierce,pierce_nd,nd
Dallam,dallam_tx,tx
Meeker,meeker_mn,mn
Boone,boone_mo,mo
Magoffin,magoffin_ky,ky
Mrow,mrow_or,or
Mackinac,mackinac_mi,mi
Calhoun,calhoun_wv,wv
Clay,clay_ms,ms
Winnebago,winnebago_il,il
Burke,burke_ga,ga
Ziebach,ziebach_sd,sd
Ford,ford_il,il
Tyler,tyler_tx,tx
Cloud,cloud_ks,ks
Lawrence,lawrence_al,al
Floyd,floyd_in,in
Bennett,bennett_sd,sd
Olmsted,olmsted_mn,mn
Hidalgo,hidalgo_tx,tx
Pope,pope_il,il
Issaquena,issaquena_ms,ms
Macon,macon_nc,nc
Pine,pine_mn,mn
Carroll,carroll_oh,oh
Nez perce,nez perce_id,id
Webster,webster_ga,ga
Chautauqua,chautauqua_ny,ny
Cortland,cortland_ny,ny
Valencia,valencia_nm,nm
Perry,perry_tn,tn
Morris,morris_nj,nj
Stevens,stevens_mn,mn
Rockingham,rockingham_nh,nh
Brown,brown_wi,wi
Harper,harper_ok,ok
Outagamie,outagamie_wi,wi
Greer,greer_ok,ok
Pitkin,pitkin_co,co
Transylvania,transylvania_nc,nc
Hampton,hampton_sc,sc
Tate,tate_ms,ms
Howd,howd_ar,ar
Crenshaw,crenshaw_al,al
Lexington city,lexington city_va,va
Osceola,osceola_ia,ia
Roberts,roberts_sd,sd
Lincoln,lincoln_nv,nv
Newton,newton_in,in
Montgomery,montgomery_ar,ar
Appomattox,appomattox_va,va
Franklin city,franklin city_va,va
Tazewell,tazewell_va,va
Putnam,putnam_ny,ny
Deer lodge,deer lodge_mt,mt
Brown,brown_mn,mn
Washington,washington_il,il
Susquehanna,susquehanna_pa,pa
Laporte,laporte_in,in
Shelby,shelby_tx,tx
Motley,motley_tx,tx
Carter,carter_mo,mo
Rolette,rolette_nd,nd
Jeff davis,jeff davis_ga,ga
Glynn,glynn_ga,ga
Bell,bell_ky,ky
Kandiyohi,kandiyohi_mn,mn
Linn,linn_mo,mo
Pike,pike_ky,ky
Jefferson,jefferson_ne,ne
Miami,miami_ks,ks
Grays harbor,grays harbor_wa,wa
Stonewall,stonewall_tx,tx
Lee,lee_fl,fl
Chelan,chelan_wa,wa
Stewart,stewart_ga,ga
Calhoun,calhoun_ms,ms
Maverick,maverick_tx,tx
Greene,greene_in,in
Harris,harris_ga,ga
Brown,brown_ks,ks
Hampshire,hampshire_wv,wv
Shannon,shannon_mo,mo
Shelby,shelby_tn,tn
Rowan,rowan_ky,ky
Owyhee,owyhee_id,id
Boyd,boyd_ne,ne
Wheeler,wheeler_tx,tx
Dekalb,dekalb_in,in
Hartford,hartford_ct,ct
Amelia,amelia_va,va
Hart,hart_ky,ky
Madison,madison_mt,mt
Oldham,oldham_ky,ky
Greenbrier,greenbrier_wv,wv
Carroll,carroll_tn,tn
Coweta,coweta_ga,ga
Weber,weber_ut,ut
Mcduffie,mcduffie_ga,ga
Darlington,darlington_sc,sc
Delaware,delaware_oh,oh
Fallon,fallon_mt,mt
Lyon,lyon_ks,ks
St clair,st. clair_mo,mo
Clark,clark_nv,nv
Clay,clay_fl,fl
Umatilla,umatilla_or,or
Gilchrist,gilchrist_fl,fl
Moultrie,moultrie_il,il
Colusa,colusa_ca,ca
Hancock,hancock_in,in
Aroostook,aroostook_me,me
Tyrrell,tyrrell_nc,nc
Lafayette,lafayette_mo,mo
Webster,webster_ia,ia
Logan,logan_ar,ar
Calhoun,calhoun_ga,ga
Rice,rice_ks,ks
Lynchburg city,lynchburg city_va,va
Giles,giles_va,va
Macon,macon_ga,ga
Chambers,chambers_tx,tx
Wallace,wallace_ks,ks
Grundy,grundy_mo,mo
Koochiching,koochiching_mn,mn
Mccurtain,mccurtain_ok,ok
Lebanon,lebanon_pa,pa
Scott,scott_ia,ia
Schoolcraft,schoolcraft_mi,mi
Chenango,chenango_ny,ny
Stanly,stanly_nc,nc
Muscatine,muscatine_ia,ia
Tucker,tucker_wv,wv
Le flore,le flore_ok,ok
Polk,polk_wi,wi
Park,park_wy,wy
Laramie,laramie_wy,wy
Northumberland,northumberland_va,va
Lea,lea_nm,nm
Howard,howard_ne,ne
Taylor,taylor_ia,ia
Campbell,campbell_ky,ky
Marquette,marquette_mi,mi
Douglas,douglas_nv,nv
Day,day_sd,sd
Yellow medicine,yellow medicine_mn,mn
Ray,ray_mo,mo
Erie,erie_pa,pa
Woodward,woodward_ok,ok
Jones,jones_ga,ga
Seminole,seminole_fl,fl
Holmes,holmes_oh,oh
Bradley,bradley_tn,tn
Baraga,baraga_mi,mi
Tulsa,tulsa_ok,ok
Ford,ford_ks,ks
Audrain,audrain_mo,mo
Culberson,culberson_tx,tx
Fairfield,fairfield_ct,ct
Converse,converse_wy,wy
Sebastian,sebastian_ar,ar
Valley,valley_mt,mt
Buombe,buombe_nc,nc
Orange,orange_in,in
Barber,barber_ks,ks
Colfax,colfax_nm,nm
Elk,elk_ks,ks
Bolivar,bolivar_ms,ms
Greenup,greenup_ky,ky
Merrick,merrick_ne,ne
Ravalli,ravalli_mt,mt
Hopkins,hopkins_ky,ky
Mecosta,mecosta_mi,mi
Kleberg,kleberg_tx,tx
Bourbon,bourbon_ks,ks
Butler,butler_ky,ky
Albany,albany_wy,wy
Waupaca,waupaca_wi,wi
Robertson,robertson_tx,tx
Wapello,wapello_ia,ia
Yalobusha,yalobusha_ms,ms
Highlands,highlands_fl,fl
Bowie,bowie_tx,tx
Nicholas,nicholas_ky,ky
Hughes,hughes_sd,sd
Atascosa,atascosa_tx,tx
Clark,clark_mo,mo
Mineral,mineral_nv,nv
Storey,storey_nv,nv
Sierra,sierra_ca,ca
Erie,erie_oh,oh
Wilcox,wilcox_ga,ga
Multnomah,multnomah_or,or
Buchanan,buchanan_mo,mo
Montgomery,montgomery_va,va
Morgan,morgan_wv,wv
Hardeman,hardeman_tx,tx
Carbon,carbon_mt,mt
Madison,madison_fl,fl
Clinton,clinton_mo,mo
Alexandria city,alexandria city_va,va
Rusk,rusk_wi,wi
Lanier,lanier_ga,ga
Denver city,denver city_co,co
Maha,maha_ne,ne
Debaca,debaca_nm,nm
Lewis,lewis_ky,ky
Scott,scott_mo,mo
Musselshell,musselshell_mt,mt
Bexar,bexar_tx,tx
Hoke,hoke_nc,nc
Kent,kent_mi,mi
Prince william,prince william_va,va
Washington,washington_pa,pa
Jeff davis,jeff davis_tx,tx
Rockland,rockland_ny,ny
St charles,st. charles_mo,mo
Choun,choun_al,al
Uvalde,uvalde_tx,tx
Butler,butler_pa,pa
Franklin,franklin_tn,tn
Rappahannock,rappahannock_va,va
Ah,ah_ut,ut
Androscoggin,androscoggin_me,me
Lioln,lioln_nc,nc
Adams,adams_nd,nd
Santa cruz,santa cruz_ca,ca
Drew,drew_ar,ar
Wyoming,wyoming_wv,wv
Kitsap,kitsap_wa,wa
Monongalia,monongalia_wv,wv
Mineral,mineral_mt,mt
Northampton,northampton_va,va
Yakima,yakima_wa,wa
Franklin,franklin_me,me
Mecklenburg,mecklenburg_nc,nc
Knox,knox_il,il
Winnebago,winnebago_ia,ia
Grayson,grayson_tx,tx
Sumner,sumner_tn,tn
Lawrence,lawrence_sd,sd
Rogers,rogers_ok,ok
Nevada,nevada_ca,ca
Osborne,osborne_ks,ks
Houston,houston_ga,ga
Twin falls,twin falls_id,id
Wood,wood_oh,oh
Waller,waller_tx,tx
Allegan,allegan_mi,mi
Mercer,mercer_ky,ky
Liberty,liberty_mt,mt
Warren,warren_va,va
Charlotte,charlotte_fl,fl
Dland,dland_mi,mi
Nelson,nelson_nd,nd
Scotland,scotland_nc,nc
Cascade,cascade_mt,mt
Montgomery,montgomery_oh,oh
Martin,martin_mn,mn
Washington,washington_va,va
Monmouth,monmouth_nj,nj
Fremont,fremont_ia,ia
Tillman,tillman_ok,ok
Robertson,robertson_tn,tn
Anderson,anderson_tx,tx
Washington,washington_vt,vt
Cherokee,cherokee_ks,ks
Sevier,sevier_tn,tn
Morrill,morrill_ne,ne
Rutherford,rutherford_tn,tn
Ulster,ulster_ny,ny
Lancaster,lancaster_ne,ne
Humphreys,humphreys_ms,ms
Lipscomb,lipscomb_tx,tx
Aitkin,aitkin_mn,mn
Hot spring,hot spring_ar,ar
Humboldt,humboldt_ca,ca
Keokuk,keokuk_ia,ia
Neshoba,neshoba_ms,ms
Douglas,douglas_il,il
Mccook,mccook_sd,sd
Fillmore,fillmore_ne,ne
Dane,dane_wi,wi
Elko,elko_nv,nv
Washington,washington_co,co
Medina,medina_oh,oh
Thayer,thayer_ne,ne
Meade,meade_ks,ks
Lewis,lewis_wa,wa
Morgan,morgan_ky,ky
Davison,davison_sd,sd
Atlantic,atlantic_nj,nj
Tioga,tioga_pa,pa
Scioto,scioto_oh,oh
Morrison,morrison_mn,mn
Fort bend,fort bend_tx,tx
Fulton,fulton_ny,ny
Rock island,rock island_il,il
Lee,lee_sc,sc
Morgan,morgan_in,in
Marinette,marinette_wi,wi
Kemper,kemper_ms,ms
Ashe,ashe_nc,nc
Freeborn,freeborn_mn,mn
Fulton,fulton_ga,ga
Cocke,cocke_tn,tn
Webster,webster_ky,ky
Dawson,dawson_tx,tx
Gove,gove_ks,ks
De witt,de witt_il,il
San patricio,san patricio_tx,tx
Randolph,randolph_ga,ga
Greene,greene_oh,oh
Crawford,crawford_ar,ar
Osage,osage_ks,ks
Sequoyah,sequoyah_ok,ok
Hall,hall_tx,tx
Queen annes,queen annes_md,md
Oneida,oneida_wi,wi
White,white_ga,ga
Pottawatomie,pottawatomie_ok,ok
Woodford,woodford_ky,ky
St lucie,st. lucie_fl,fl
Mason,mason_wv,wv
Coos,coos_or,or
Cole,cole_mo,mo
Casey,casey_ky,ky
Franklin,franklin_pa,pa
Hamblen,hamblen_tn,tn
Atkinson,atkinson_ga,ga
Pike,pike_in,in
Barrow,barrow_ga,ga
Clay,clay_ky,ky
Belmont,belmont_oh,oh
Dekalb,dekalb_mo,mo
Phillips,phillips_mt,mt
Kenosha,kenosha_wi,wi
Adams,adams_pa,pa
Adams,adams_wa,wa
Alleghany,alleghany_va,va
Covington city,covington city_va,va
Greene,greene_ar,ar
St clair,st. clair_al,al
Bayfield,bayfield_wi,wi
Menard,menard_il,il
Allen,allen_ks,ks
Butler,butler_ia,ia
Tippecanoe,tippecanoe_in,in
Montgomery,montgomery_ga,ga
Gloucester,gloucester_nj,nj
Ellis,ellis_tx,tx
Clark,clark_in,in
Vermion,vermion_il,il
Clay,clay_ne,ne
Hendricks,hendricks_in,in
Heard,heard_ga,ga
Madison,madison_va,va
Louisa,louisa_va,va
Sherburne,sherburne_mn,mn
York,york_ne,ne
Crockett,crockett_tn,tn
Brown,brown_il,il
Larimer,larimer_co,co
Baltimore,baltimore_md,md
Polk,polk_or,or
Keya paha,keya paha_ne,ne
Butte,butte_id,id
Jefferson,jefferson_ky,ky
Montgomery,montgomery_tx,tx
Henry,henry_tn,tn
Ellis,ellis_ok,ok
Marion,marion_or,or
Hampton city,hampton city_va,va
Pawnee,pawnee_ks,ks
Baca,baca_co,co
Newton,newton_ms,ms
Marion,marion_mo,mo
San luis obispo,san luis obispo_ca,ca
Miami,miami_oh,oh
Ector,ector_tx,tx
Appling,appling_ga,ga
Spokane,spokane_wa,wa
Johnson,johnson_il,il
Dodge,dodge_ga,ga
Hamilton,hamilton_ks,ks
Suwannee,suwannee_fl,fl
Mcculloch,mcculloch_tx,tx
Jim hogg,jim hogg_tx,tx
Pike,pike_oh,oh
Santa barbara,santa barbara_ca,ca
Furnas,furnas_ne,ne
Park,park_mt,mt
Solano,solano_ca,ca
Montgomery,montgomery_ms,ms
San benito,san benito_ca,ca
Hanover,hanover_va,va
Somerset,somerset_nj,nj
Greene,greene_nc,nc
Union,union_nm,nm
Henry,henry_al,al
Simpson,simpson_ky,ky
Butte,butte_ca,ca
Jefferson,jefferson_co,co
Delaware,delaware_pa,pa
Seneca,seneca_oh,oh
Gregory,gregory_sd,sd
Lagrange,lagrange_in,in
Barnstable,barnstable_ma,ma
Republic,republic_ks,ks
Rains,rains_tx,tx
Midland,midland_tx,tx
Hancock,hancock_me,me
Sherman,sherman_tx,tx
Floyd,floyd_ga,ga
Ntgomery,ntgomery_mo,mo
Tehama,tehama_ca,ca
Monroe,monroe_wv,wv
Rock,rock_ne,ne
Harrison,harrison_wv,wv
Wilson,wilson_nc,nc
Crawford,crawford_ks,ks
Medina,medina_tx,tx
Brevard,brevard_fl,fl
Beaver,beaver_ut,ut
Hampshire,hampshire_ma,ma
Kingman,kingman_ks,ks
Bronx,bronx_ny,ny
Lincoln,lincoln_tn,tn
Obrien,obrien_ia,ia
Saguache,saguache_co,co
Franklin,franklin_ks,ks
Toombs,toombs_ga,ga
Andrew,andrew_mo,mo
Mobile,mobile_al,al
Northampton,northampton_pa,pa
Gasconade,gasconade_mo,mo
Franklin,franklin_fl,fl
Columbia,columbia_wa,wa
Ada,ada_ms,ms
Essex,essex_nj,nj
Logan,logan_ok,ok
Fayette,fayette_ky,ky
Henderson,henderson_nc,nc
Wayne,wayne_in,in
Barton,barton_mo,mo
Barton,barton_ks,ks
Edmonson,edmonson_ky,ky
Hemphill,hemphill_tx,tx
Tuscola,tuscola_mi,mi
Gila,gila_az,az
Dewey,dewey_ok,ok
Sully,sully_sd,sd
Desoto,desoto_fl,fl
Carter,carter_tn,tn
Pike,pike_il,il
Vigo,vigo_in,in
Carlisle,carlisle_ky,ky
Columbia,columbia_fl,fl
Rensselaer,rensselaer_ny,ny
Webster,webster_wv,wv
Lawrence,lawrence_ms,ms
Manassas park city,manassas park city_va,va
Bernalillo,bernalillo_nm,nm
Nassau,nassau_fl,fl
Hkiakum,hkiakum_wa,wa
Shawano,shawano_wi,wi
Allega,allega_ny,ny
Collin,collin_tx,tx
Lawrence,lawrence_pa,pa
Madison,madison_ne,ne
Wirt,wirt_wv,wv
Jackson,jackson_wv,wv
Bottineau,bottineau_nd,nd
Beadle,beadle_sd,sd
Kiowa,kiowa_ok,ok
Kidder,kidder_nd,nd
Renville,renville_mn,mn
El dorado,el dorado_ca,ca
St clair,st. clair_il,il
Decatur,decatur_ia,ia
Gloucester,gloucester_va,va
Cecil,cecil_md,md
Mason,mason_mi,mi
Camden,camden_mo,mo
Forsyth,forsyth_nc,nc
Brooke,brooke_wv,wv
Shelby,shelby_in,in
Orange,orange_ca,ca
Dixon,dixon_ne,ne
Sullivan,sullivan_nh,nh
Ontonagon,ontonagon_mi,mi
Aransas,aransas_tx,tx
Graham,graham_ks,ks
Franklin,franklin_ga,ga
Columbia,columbia_pa,pa
Pender,pender_nc,nc
Fayette,fayette_ia,ia
Wayne,wayne_ia,ia
Cattaraugus,cattaraugus_ny,ny
Kittitas,kittitas_wa,wa
Niteau,niteau_mo,mo
Bedford city va,bedford city va_(discontinued),(discontinued)
Cedar,cedar_mo,mo
Clearwater,clearwater_mn,mn
Fayette,fayette_ga,ga
Brule,brule_sd,sd
Washington,washington_ri,ri
Wl,wl_il,il
Taylor,taylor_fl,fl
Twiggs,twiggs_ga,ga
Greeley,greeley_ks,ks
Bullock,bullock_al,al
Delta,delta_co,co
Clay,clay_tx,tx
Fannin,fannin_tx,tx
Lincoln,lincoln_ks,ks
Jasper,jasper_ms,ms
Marshall,marshall_mn,mn
Camden,camden_nc,nc
Crook,crook_wy,wy
Cumberland,cumberland_va,va
Hillsborough,hillsborough_nh,nh
Wise,wise_tx,tx
Roberts,roberts_tx,tx
Dakota,dakota_mn,mn
Snohomish,snohomish_wa,wa
Carroll,carroll_mo,mo
Webster,webster_ms,ms
Elbert,elbert_co,co
Lee,lee_il,il
Buchanan,buchanan_ia,ia
Mohave,mohave_az,az
Lawrence,lawrence_ky,ky
Zapata,zapata_tx,tx
Mcnairy,mcnairy_tn,tn
Lla lla,lla lla_wa,wa
Alcorn,alcorn_ms,ms
Clinch,clinch_ga,ga
Stephenson,stephenson_il,il
Chippewa,chippewa_wi,wi
Vinton,vinton_oh,oh
Taos,taos_nm,nm
Jackson,jackson_wi,wi
Oglala lakota,oglala lakota_sd,sd
Wilkin,wilkin_mn,mn
Lincoln,lincoln_ky,ky
Greene,greene_va,va
Cambria,cambria_pa,pa
Hamton,hamton_il,il
Newton,newton_mo,mo
Parke,parke_in,in
Glasscock,glasscock_tx,tx
Johnson,johnson_ga,ga
Ottawa,ottawa_oh,oh
Iroquois,iroquois_il,il
Wayne,wayne_ky,ky
Ward,ward_nd,nd
Plymouth,plymouth_ma,ma
Grand,grand_co,co
Chester,chester_pa,pa
Glenn,glenn_ca,ca
Walworth,walworth_sd,sd
Dooly,dooly_ga,ga
Mason,mason_tx,tx
Madison,madison_tx,tx
Highland,highland_va,va
Walton,walton_ga,ga
Todd,todd_ky,ky
Clermont,clermont_oh,oh
Hardin,hardin_tn,tn
Freestone,freestone_tx,tx
Page,page_ia,ia
Mississippi,mississippi_mo,mo
Miller,miller_mo,mo
Kings,kings_ca,ca
Bremer,bremer_ia,ia
Somerset,somerset_pa,pa
Colorado,colorado_tx,tx
Atchison,atchison_ks,ks
Leslie,leslie_ky,ky
Churchill,churchill_nv,nv
Mcmullen,mcmullen_tx,tx
Ozaukee,ozaukee_wi,wi
Tallahatchie,tallahatchie_ms,ms
Tattnall,tattnall_ga,ga
Cheshire,cheshire_nh,nh
Warren,warren_ga,ga
Ramsey,ramsey_mn,mn
Henry,henry_oh,oh
Webb,webb_tx,tx
Hamlin,hamlin_sd,sd
Powder river,powder river_mt,mt
Roger mills,roger mills_ok,ok
Madison,madison_nc,nc
Lee,lee_ms,ms
Lancaster,lancaster_sc,sc
Richmond city,richmond city_va,va
Randolph,randolph_ar,ar
Washington,washington_oh,oh
Benton,benton_ar,ar
Apache,apache_az,az
Hall,hall_ga,ga
Owen,owen_ky,ky
Custer,custer_mt,mt
Lawrence,lawrence_mo,mo
Hardin,hardin_il,il
Llano,llano_tx,tx
Nuckolls,nuckolls_ne,ne
Spencer,spencer_in,in
Madison,madison_al,al
Chautauqua,chautauqua_ks,ks
Clinton,clinton_ia,ia
Norton,norton_ks,ks
Dubuque,dubuque_ia,ia
Hughes,hughes_ok,ok
Sullivan,sullivan_in,in
Amite,amite_ms,ms
Herkimer,herkimer_ny,ny
Gland,gland_ar,ar
Sioux,sioux_ne,ne
Boone,boone_ar,ar
Fleming,fleming_ky,ky
York,york_sc,sc
Milwaukee,milwaukee_wi,wi
Ssaukee,ssaukee_mi,mi
Sabine,sabine_tx,tx
Alleghany,alleghany_nc,nc
Schoharie,schoharie_ny,ny
Lincoln,lincoln_mn,mn
Peach,peach_ga,ga
Madison,madison_ky,ky
Mcleod,mcleod_mn,mn
Routt,routt_co,co
King george,king george_va,va
Pittsburg,pittsburg_ok,ok
Bergen,bergen_nj,nj
Highland,highland_oh,oh
Ste genevieve,ste genevieve_mo,mo
Peoria,peoria_il,il
Cleveland,cleveland_nc,nc
Scott,scott_il,il
King and queen,king and queen_va,va
Hopkins,hopkins_tx,tx
Saluda,saluda_sc,sc
Sioux,sioux_ia,ia
Carroll,carroll_ky,ky
Blai,blai_ne,ne
Perry,perry_ky,ky
Pecos,pecos_tx,tx
Lamar,lamar_tx,tx
Williamsburg,williamsburg_sc,sc
Alba,alba_ny,ny
Abbeville,abbeville_sc,sc
Lincoln,lincoln_or,or
Trousdale,trousdale_tn,tn
Pendleton,pendleton_ky,ky
Calhoun,calhoun_ar,ar
Person,person_nc,nc
Manistee,manistee_mi,mi
Alpine,alpine_ca,ca
Marion,marion_oh,oh
Sumter,sumter_fl,fl
Van zandt,van zandt_tx,tx
Tripp,tripp_sd,sd
Erie,erie_ny,ny
Randall,randall_tx,tx
Sacramento,sacramento_ca,ca
Hood,hood_tx,tx
Santa clara,santa clara_ca,ca
Rockwall,rockwall_tx,tx
Waldo,waldo_me,me
Jefferson,jefferson_ny,ny
Murray,murray_ok,ok
Pickaway,pickaway_oh,oh
Geauga,geauga_oh,oh
Bradley,bradley_ar,ar
Dawson,dawson_ne,ne
Berkeley,berkeley_wv,wv
Georgetown,georgetown_sc,sc
Pueblo,pueblo_co,co
Richmond,richmond_ga,ga
Monroe,monroe_wi,wi
Le sueur,le sueur_mn,mn
Gadsden,gadsden_fl,fl
Dona ana,dona ana_nm,nm
Union,union_fl,fl
Buffalo,buffalo_sd,sd
Nantucket town,nantucket town_ma,ma
Taylor,taylor_wv,wv
Clallam,clallam_wa,wa
Ripley,ripley_mo,mo
Allendale,allendale_sc,sc
Monroe,monroe_ar,ar
Penobscot,penobscot_me,me
Orangeburg,orangeburg_sc,sc
Habersham,habersham_ga,ga
Oxford,oxford_me,me
Poquoson city,poquoson city_va,va
Johnston,johnston_ok,ok
Logan,logan_ks,ks
Marshall,marshall_ks,ks
La p,la p_az,az
Pulaski,pulaski_il,il
Union,union_tn,tn
Madison,madison_id,id
Jefferson,jefferson_ms,ms
Kauai,kauai_hi,hi
Whitman,whitman_wa,wa
Washington,washington_fl,fl
Sherman,sherman_ks,ks
Sheridan,sheridan_ks,ks
Macoupin,macoupin_il,il
Pendleton,pendleton_wv,wv
Pennington,pennington_sd,sd
Wyoming,wyoming_pa,pa
Hardin,hardin_oh,oh
Cochran,cochran_tx,tx
Thomas,thomas_ne,ne
Faribault,faribault_mn,mn
San augustine,san augustine_tx,tx
Grimes,grimes_tx,tx
Keith,keith_ne,ne
Bristol city,bristol city_va,va
Dewey,dewey_sd,sd
Hardee,hardee_fl,fl
Camp,camp_tx,tx
Tlapoosa,tlapoosa_al,al
Coles,coles_il,il
Evans,evans_ga,ga
Guthrie,guthrie_ia,ia
Meade,meade_sd,sd
Foard,foard_tx,tx
Cochise,cochise_az,az
Catron,catron_nm,nm
Indiana,indiana_pa,pa
Ferry,ferry_wa,wa
Winneshiek,winneshiek_ia,ia
Slope,slope_nd,nd
Labette,labette_ks,ks
Colonial heights city,colonial heights city_va,va
Door,door_wi,wi
Upshur,upshur_wv,wv
Pike,pike_ms,ms
Obion,obion_tn,tn
Hyde,hyde_nc,nc
Lauderdale,lauderdale_tn,tn
Clatsop,clatsop_or,or
Angelina,angelina_tx,tx
Big stone,big stone_mn,mn
Mercer,mercer_oh,oh
Custer,custer_ok,ok
Pike,pike_pa,pa
Mellette,mellette_sd,sd
Sibley,sibley_mn,mn
Union,union_ga,ga
Gregg,gregg_tx,tx
Grainger,grainger_tn,tn
Racine,racine_wi,wi
Williams,williams_oh,oh
Mcdowell,mcdowell_nc,nc
Menominee,menominee_wi,wi
Wright,wright_mo,mo
Colfax,colfax_ne,ne
White,white_tn,tn
Bland,bland_va,va
Carter,carter_ky,ky
Mahoning,mahoning_oh,oh
Jasper,jasper_in,in
Norton city,norton city_va,va
Bedford,bedford_tn,tn
Randolph,randolph_wv,wv
Dekalb,dekalb_ga,ga
Vanderburgh,vanderburgh_in,in
San jacinto,san jacinto_tx,tx
Luna,luna_nm,nm
Jackson,jackson_ar,ar
Benson,benson_nd,nd
Columbia,columbia_ga,ga
Vermillion,vermillion_in,in
Kane,kane_il,il
Woods,woods_ok,ok
Prince edward,prince edward_va,va
Upson,upson_ga,ga
Oliver,oliver_nd,nd
Lauderde,lauderde_al,al
Bourbon,bourbon_ky,ky
Citrus,citrus_fl,fl
Knox,knox_in,in
Yates,yates_ny,ny
Mckenzie,mckenzie_nd,nd
Cumberland,cumberland_il,il
Holmes,holmes_ms,ms
Fauquier,fauquier_va,va
Franklin,franklin_al,al
Benton,benton_in,in
Edwards,edwards_tx,tx
Blue earth,blue earth_mn,mn
Marion,marion_ks,ks
Warren,warren_il,il
Niobrara,niobrara_wy,wy
Salem,salem_nj,nj
Butts,butts_ga,ga
Amador,amador_ca,ca
Lee,lee_ky,ky
Bertie,bertie_nc,nc
Scott,scott_in,in
Gordon,gordon_ga,ga
Stark,stark_nd,nd
Dallas,dallas_ia,ia
Dekb,dekb_al,al
Corson,corson_sd,sd
Mulgee,mulgee_ok,ok
Clton,clton_in,in
Volusia,volusia_fl,fl
Christian,christian_mo,mo
Lapeer,lapeer_mi,mi
Boise,boise_id,id
Goodhue,goodhue_mn,mn
Florence,florence_sc,sc
Sumter,sumter_al,al
Hockley,hockley_tx,tx
Weakley,weakley_tn,tn
Butler,butler_oh,oh
Daviess,daviess_mo,mo
Sunflower,sunflower_ms,ms
Braxton,braxton_wv,wv
Nemaha,nemaha_ks,ks
Clay,clay_wv,wv
Washington,washington_ms,ms
Richla,richla_nd,nd
Richland,richland_wi,wi
Frontier,frontier_ne,ne
Los angeles,los angeles_ca,ca
Perkins,perkins_ne,ne
Nance,nance_ne,ne
Crockett,crockett_tx,tx
Mchenry,mchenry_nd,nd
Putnam,putnam_in,in
Southampton,southampton_va,va
Hall,hall_ne,ne
Shelby,shelby_oh,oh
Island,island_wa,wa
Garfield,garfield_co,co
Van buren,van buren_ar,ar
Columbus,columbus_nc,nc
Seminole,seminole_ga,ga
Clk,clk_ar,ar
Jefferson,jefferson_wv,wv
New madrid,new madrid_mo,mo
Livingston,livingston_il,il
Bradford,bradford_pa,pa
Clay,clay_ia,ia
Garfield,garfield_ut,ut
Crawford,crawford_oh,oh
Valley,valley_id,id
Rhea,rhea_tn,tn
Livingston,livingston_mo,mo
Greenlee,greenlee_az,az
Sullivan,sullivan_mo,mo
Otero,otero_nm,nm
George,george_ms,ms
Cleveland,cleveland_ok,ok
Cook,cook_ga,ga
Geneva,geneva_al,al
Bacon,bacon_ga,ga
Pontotoc,pontotoc_ok,ok
Wayne,wayne_mi,mi
Letcher,letcher_ky,ky
Dade,dade_mo,mo
Clinton,clinton_il,il
Pulaski,pulaski_ar,ar
Malheur,malheur_or,or
Muhlenberg,muhlenberg_ky,ky
Leelanau,leelanau_mi,mi
Latah,latah_id,id
Luzerne,luzerne_pa,pa
Chesterfield,chesterfield_va,va
York,york_me,me
Monroe,monroe_ms,ms
Callahan,callahan_tx,tx
Ransom,ransom_nd,nd
La plata,la plata_co,co
Santa rosa,santa rosa_fl,fl
Montcalm,montcalm_mi,mi
Inyo,inyo_ca,ca
Cumberland,cumberland_nj,nj
Deschutes,deschutes_or,or
Cherokee,cherokee_nc,nc
Boone,boone_il,il
Hamilton,hamilton_ia,ia
Warren,warren_ms,ms
Marshl,marshl_al,al
Beckham,beckham_ok,ok
Navajo,navajo_az,az
Lackawanna,lackawanna_pa,pa
Kerr,kerr_tx,tx
Iosco,iosco_mi,mi
Oneida,oneida_ny,ny
Hancock,hancock_il,il
Yavapai,yavapai_az,az
Maui,maui_hi,hi
Wayne,wayne_ny,ny
Monroe,monroe_ia,ia
Whitfield,whitfield_ga,ga
Richardson,richardson_ne,ne
Essex,essex_va,va
Noble,noble_oh,oh
Cherokee,cherokee_ga,ga
Louisa,louisa_ia,ia
Boundary,boundary_id,id
Preble,preble_oh,oh
Buchanan,buchanan_va,va
Douglas,douglas_ne,ne
Greene,greene_mo,mo
Winston,winston_al,al
Jackson,jackson_ok,ok
Gates,gates_nc,nc
Clay,clay_il,il
Yolo,yolo_ca,ca
Pocahontas,pocahontas_ia,ia
Parker,parker_tx,tx
Montgomery,montgomery_il,il
Laveras,laveras_ca,ca
Ashland,ashland_wi,wi
Anderson,anderson_ks,ks
Puam,puam_tn,tn
Custer,custer_id,id
Franklin,franklin_ny,ny
Bates,bates_mo,mo
Granite,granite_mt,mt
Caribou,caribou_id,id
Windham,windham_vt,vt
Clay,clay_mn,mn
Yuma,yuma_az,az
Fayette,fayette_in,in
Jack,jack_tx,tx
Douglas,douglas_mn,mn
Daviess,daviess_in,in
Yoakum,yoakum_tx,tx
Stafford,stafford_ks,ks
Chickasaw,chickasaw_ia,ia
Schley,schley_ga,ga
Rockbridge,rockbridge_va,va
Secy,secy_ar,ar
Kershaw,kershaw_sc,sc
Warren,warren_in,in
Franklin,franklin_ia,ia
Quay,quay_nm,nm
Dillon,dillon_sc,sc
Coosa,coosa_al,al
Putnam,putnam_mo,mo
New hanover,new hanover_nc,nc
Floyd,floyd_va,va
Wabash,wabash_in,in
Howell,howell_mo,mo
Brewster,brewster_tx,tx
Montmorency,montmorency_mi,mi
Crook,crook_or,or
Raleigh,raleigh_wv,wv
Greenville,greenville_sc,sc
Marshall,marshall_ms,ms
Dawson,dawson_ga,ga
Kern,kern_ca,ca
Hill,hill_mt,mt
Kingfisher,kingfisher_ok,ok
Lee,lee_al,al
Choctaw,choctaw_ms,ms
Philadelphia city,philadelphia city_pa,pa
Carbon,carbon_ut,ut
Darke,darke_oh,oh
Douglas,douglas_ks,ks
Marion,marion_ms,ms
Brown,brown_in,in
Noble,noble_in,in
Grundy,grundy_ia,ia
Johnson,johnson_ia,ia
Richmond,richmond_va,va
Whatcom,whatcom_wa,wa
Coleman,coleman_tx,tx
Lincoln,lincoln_sd,sd
Lawrence,lawrence_ar,ar
Chattahoochee,chattahoochee_ga,ga
Black hawk,black hawk_ia,ia
Logan,logan_ne,ne
Union,union_sd,sd
Marshall,marshall_ia,ia
Johnston,johnston_nc,nc
Sussex,sussex_va,va
Westmoreland,westmoreland_pa,pa
Lyon,lyon_mn,mn
Shackelford,shackelford_tx,tx
Ventura,ventura_ca,ca
Tuscarawas,tuscarawas_oh,oh
Fulton,fulton_ky,ky
Chippewa,chippewa_mi,mi
Divide,divide_nd,nd
Trimble,trimble_ky,ky
Page,page_va,va
Lewis,lewis_tn,tn
Forsyth,forsyth_ga,ga
Sandoval,sandoval_nm,nm
Tift,tift_ga,ga
Ohio,ohio_in,in
Auglaize,auglaize_oh,oh
Guadalupe,guadalupe_nm,nm
Suffolk,suffolk_ny,ny
Scotland,scotland_mo,mo
Wilson,wilson_tx,tx
Westchester,westchester_ny,ny
Ottawa,ottawa_ks,ks
Coffee,coffee_tn,tn
Jacon,jacon_ks,ks
Washington,washington_ga,ga
Richland,richland_sc,sc
Ottawa,ottawa_ok,ok
Muskegon,muskegon_mi,mi
Lancaster,lancaster_pa,pa
Big horn,big horn_mt,mt
Berrien,berrien_ga,ga
Wabasha,wabasha_mn,mn
Windham,windham_ct,ct
Horry,horry_sc,sc
Collier,collier_fl,fl
Mcpherson,mcpherson_ne,ne
Marshall,marshall_in,in
Nolan,nolan_tx,tx
Mathews,mathews_va,va
Grant,grant_wv,wv
Saunders,saunders_ne,ne
Wibaux,wibaux_mt,mt
Finney,finney_ks,ks
Fayette,fayette_il,il
Emmet,emmet_mi,mi
Osage,osage_ok,ok
Chemung,chemung_ny,ny
Adams,adams_ne,ne
Litchfield,litchfield_ct,ct
Clay,clay_sd,sd
Sevier,sevier_ut,ut
Imperial,imperial_ca,ca
Mckean,mckean_pa,pa
Iron,iron_wi,wi
Madison,madison_ar,ar
Mason,mason_il,il
Natrona,natrona_wy,wy
Franklin,franklin_ky,ky
Nottoway,nottoway_va,va
Sullivan,sullivan_pa,pa
Lafayette,lafayette_ms,ms
Grant,grant_wa,wa
Madison,madison_tn,tn
Harrison,harrison_in,in
Washington,washington_md,md
Sumner,sumner_ks,ks
Hart,hart_ga,ga
Flathead,flathead_mt,mt
Yuba,yuba_ca,ca
Clark,clark_id,id
Carbon,carbon_wy,wy
Stearns,stearns_mn,mn
Dawes,dawes_ne,ne
Blaine,blaine_ok,ok
Pushmataha,pushmataha_ok,ok
Polk,polk_ia,ia
Golden valley,golden valley_nd,nd
Laclede,laclede_mo,mo
Emporia city,emporia city_va,va
Antelope,antelope_ne,ne
San juan,san juan_co,co
Talbot,talbot_md,md
Grundy,grundy_il,il
Phillips,phillips_ar,ar
Scotts bluff,scotts bluff_ne,ne
Minnehaha,minnehaha_sd,sd
Kent,kent_ri,ri
Delaware,delaware_in,in
Lowndes,lowndes_ga,ga
Cowley,cowley_ks,ks
Butler,butler_ks,ks
Maury,maury_tn,tn
Galax city,galax city_va,va
Potter,potter_pa,pa
Campbell,campbell_va,va
Seward,seward_ks,ks
Taylor,taylor_wi,wi
Alfalfa,alfalfa_ok,ok
Mchenry,mchenry_il,il
Harrison,harrison_ia,ia
Chippewa,chippewa_mn,mn
Genesee,genesee_mi,mi
Mountrail,mountrail_nd,nd
Warren,warren_nj,nj
Conway,conway_ar,ar
Hays,hays_tx,tx
Wichita,wichita_tx,tx
Wilkes,wilkes_nc,nc
Bell,bell_tx,tx
Comanche,comanche_tx,tx
Meigs,meigs_tn,tn
Emmons,emmons_nd,nd
Washington,washington_nc,nc
Monroe,monroe_fl,fl
Mcintosh,mcintosh_nd,nd
Robeson,robeson_nc,nc
Davis,davis_ia,ia
Calumet,calumet_wi,wi
Josephine,josephine_or,or
Washington,washington_ar,ar
Marion,marion_al,al
Richmond,richmond_nc,nc
Greene,greene_il,il
Bristol,bristol_ma,ma
Brunswick,brunswick_nc,nc
Sumter,sumter_ga,ga
Pima,pima_az,az
Gaston,gaston_nc,nc
Pembina,pembina_nd,nd
Botetourt,botetourt_va,va
Wliamson,wliamson_il,il
Clarke,clarke_va,va
White,white_ar,ar
Ringgold,ringgold_ia,ia
Glacier,glacier_mt,mt
Fuskee,fuskee_ok,ok
Carver,carver_mn,mn
Fannin,fannin_ga,ga
Treutlen,treutlen_ga,ga
Shelby,shelby_al,al
Charles,charles_md,md
Douglas,douglas_sd,sd
Chase,chase_ks,ks
Delaware,delaware_ia,ia
Wells,wells_nd,nd
Caroline,caroline_md,md
Grant,grant_wi,wi
Norfolk,norfolk_ma,ma
Jackson,jackson_oh,oh
Hamilton,hamilton_tn,tn
Chesapeake city,chesapeake city_va,va
Jefferson,jefferson_pa,pa
Clarke,clarke_al,al
Roo,roo_ks,ks
Barbour,barbour_wv,wv
Boone,boone_in,in
Knox,knox_ky,ky
Crawford,crawford_ia,ia
Keweenaw,keweenaw_mi,mi
La salle,la salle_tx,tx
Tladega,tladega_al,al
Early,early_ga,ga
Union,union_il,il
Baylor,baylor_tx,tx
Shiawassee,shiawassee_mi,mi
Screven,screven_ga,ga
Boyle,boyle_ky,ky
Barnwell,barnwell_sc,sc
Moody,moody_sd,sd
Burleson,burleson_tx,tx
Passaic,passaic_nj,nj
Mineral,mineral_co,co
Woodson,woodson_ks,ks
Salem city,salem city_va,va
Cassia,cassia_id,id
Eddy,eddy_nd,nd
Monroe,monroe_al,al
Bandera,bandera_tx,tx
Appanoose,appanoose_ia,ia
Davis,davis_ut,ut
Ohio,ohio_ky,ky
Haakon,haakon_sd,sd
Texas,texas_ok,ok
Crawford,crawford_in,in
Rock,rock_mn,mn
Charleston,charleston_sc,sc
Canyon,canyon_id,id
Jefferson davis,jefferson davis_ms,ms
Shelby,shelby_il,il
Livingston,livingston_mi,mi
Union,union_sc,sc
Hickman,hickman_ky,ky
Orange,orange_tx,tx
Baker,baker_or,or
Huntingdon,huntingdon_pa,pa
Unicoi,unicoi_tn,tn
Sauk,sauk_wi,wi
Decatur,decatur_tn,tn
Bullitt,bullitt_ky,ky
Greeley,greeley_ne,ne
Champaign,champaign_oh,oh
Martin,martin_tx,tx
Bailey,bailey_tx,tx
Dlas,dlas_al,al
Starr,starr_tx,tx
Jerauld,jerauld_sd,sd
Elk,elk_pa,pa
Linn,linn_ia,ia
Warrick,warrick_in,in
Crawford,crawford_il,il
Washington,washington_al,al
Stewart,stewart_tn,tn
Oconto,oconto_wi,wi
Scott,scott_mn,mn
Mcclain,mcclain_ok,ok
Monona,monona_ia,ia
Benton,benton_mo,mo
Benewah,benewah_id,id
Trumbull,trumbull_oh,oh
Tarrant,tarrant_tx,tx
Carroll,carroll_va,va
Broadwater,broadwater_mt,mt
Garza,garza_tx,tx
Dearborn,dearborn_in,in
Morgan,morgan_tn,tn
Rich,rich_ut,ut
Oconee,oconee_ga,ga
Box elder,box elder_ut,ut
Geary,geary_ks,ks
Hillsborough,hillsborough_fl,fl
Richmond,richmond_ny,ny
Pepin,pepin_wi,wi
Ozark,ozark_mo,mo
Choctaw,choctaw_al,al
Cuyahoga,cuyahoga_oh,oh
Jasper,jasper_mo,mo
Forest,forest_pa,pa
Hansford,hansford_tx,tx
Onondaga,onondaga_ny,ny
Jackson,jackson_il,il
Belknap,belknap_nh,nh
Pratt,pratt_ks,ks
Clayton,clayton_ga,ga
Castro,castro_tx,tx
Adams,adams_il,il
Decatur,decatur_ks,ks
Hancock,hancock_ms,ms
Orange,orange_va,va
Beaver,beaver_pa,pa
Shp,shp_ar,ar
Plumas,plumas_ca,ca
Dunklin,dunklin_mo,mo
Ohio,ohio_wv,wv
Telfair,telfair_ga,ga
Carlton,carlton_mn,mn
Rice,rice_mn,mn
Adams,adams_id,id
Crane,crane_tx,tx
Edgecombe,edgecombe_nc,nc
Hennepin,hennepin_mn,mn
Steuben,steuben_in,in
Santa fe,santa fe_nm,nm
Leavenworth,leavenworth_ks,ks
Sherman,sherman_or,or
Cross,cross_ar,ar
Story,story_ia,ia
Brown,brown_sd,sd
Pulaski,pulaski_ga,ga
Golden valley,golden valley_mt,mt
Mccormick,mccormick_sc,sc
Esmeralda,esmeralda_nv,nv
Burke,burke_nd,nd
Lonoke,lonoke_ar,ar
Montrose,montrose_co,co
Saline,saline_mo,mo
Mitchell,mitchell_ia,ia
Lawrence,lawrence_oh,oh
Ramsey,ramsey_nd,nd
Clark,clark_sd,sd
Lawrence,lawrence_il,il
Falls church city,falls church city_va,va
Schuylkill,schuylkill_pa,pa
Madison,madison_mo,mo
Towns,towns_ga,ga
Bath,bath_va,va
Missoula,missoula_mt,mt
Hartley,hartley_tx,tx
Clinton,clinton_pa,pa
Montague,montague_tx,tx
Winkler,winkler_tx,tx
Randolph,randolph_in,in
Cameron,cameron_tx,tx
Upton,upton_tx,tx
Pittsylnia,pittsylnia_va,va
Karnes,karnes_tx,tx
Osceola,osceola_mi,mi
Graham,graham_nc,nc
Marathon,marathon_wi,wi
Bledsoe,bledsoe_tn,tn
Cottle,cottle_tx,tx
Wayne,wayne_pa,pa
Haskell,haskell_ks,ks
Catawba,catawba_nc,nc
Kaufman,kaufman_tx,tx
Titus,titus_tx,tx
Audubon,audubon_ia,ia
Boyd,boyd_ky,ky
Shelby,shelby_ky,ky
Cheatham,cheatham_tn,tn
Hamilton,hamilton_fl,fl
Lane,lane_or,or
Walthall,walthall_ms,ms
Lake of the woods,lake of the woods_mn,mn
Webster,webster_ne,ne
Randolph,randolph_al,al
Callaway,callaway_mo,mo
Jones,jones_nc,nc
Houston,houston_mn,mn
Carson city,carson city_nv,nv
Pleasants,pleasants_wv,wv
Tulare,tulare_ca,ca
Refugio,refugio_tx,tx
Howard,howard_ia,ia
York,york_va,va
Lincoln,lincoln_wa,wa
Salt lake,salt lake_ut,ut
Burke,burke_nc,nc
Carter,carter_ok,ok
Leon,leon_fl,fl
Davie,davie_nc,nc
Stone,stone_mo,mo
Wayne,wayne_nc,nc
Blaine,blaine_id,id
Mercer,mercer_wv,wv
Jackson,jackson_ga,ga
Grafton,grafton_nh,nh
Beaver,beaver_ok,ok
Henry,henry_in,in
Gray,gray_tx,tx
Montgomery,montgomery_ks,ks
Daviess,daviess_ky,ky
Graves,graves_ky,ky
Ware,ware_ga,ga
Smith,smith_tn,tn
Lee,lee_ga,ga
Clinton,clinton_oh,oh
Gra forks,gra forks_nd,nd
Comanche,comanche_ks,ks
Liberty,liberty_fl,fl
Pacific,pacific_wa,wa
Kay,kay_ok,ok
Platte,platte_wy,wy
Sierra,sierra_nm,nm
Oldham,oldham_tx,tx
Ripley,ripley_in,in
Indian river,indian river_fl,fl
Gosper,gosper_ne,ne
Roane,roane_wv,wv
Dimmit,dimmit_tx,tx
Nash,nash_nc,nc
Vilas,vilas_wi,wi
Jones,jones_ms,ms
Napa,napa_ca,ca
Muscogee,muscogee_ga,ga
Lake,lake_fl,fl
Northampton,northampton_nc,nc
Pinal,pinal_az,az
Green,green_wi,wi
Oktibbeha,oktibbeha_ms,ms
Steele,steele_nd,nd
Bleckley,bleckley_ga,ga
Genesee,genesee_ny,ny
Galveston,galveston_tx,tx
Franklin,franklin_ar,ar
Stephens,stephens_ok,ok
Cobb,cobb_ga,ga
Cass,cass_ne,ne
Harrison,harrison_mo,mo
Williams,williams_nd,nd
Jefferson,jefferson_wi,wi
Lincoln,lincoln_me,me
Owen,owen_in,in
Boo,boo_ne,ne
Chouteau,chouteau_mt,mt
Coahoma,coahoma_ms,ms
Jefferson,jefferson_or,or
Antrim,antrim_mi,mi
Moore,moore_tx,tx
Saline,saline_ks,ks
Bay,bay_mi,mi
Marion,marion_wv,wv
Summit,summit_oh,oh
Bradford,bradford_fl,fl
Chickasaw,chickasaw_ms,ms
Sheboygan,sheboygan_wi,wi
Chester,chester_tn,tn
Elbert,elbert_ga,ga
Washoe,washoe_nv,nv
Lawrence,lawrence_tn,tn
Lawrence,lawrence_in,in
Harrisonburg city,harrisonburg city_va,va
Whitley,whitley_ky,ky
Polk,polk_nc,nc
Pocahontas,pocahontas_wv,wv
Cheyen,cheyen_ne,ne
Gogebic,gogebic_mi,mi
Greenwood,greenwood_sc,sc
Butler,butler_al,al
Bon homme,bon homme_sd,sd
Nowata,nowata_ok,ok
Muskogee,muskogee_ok,ok
Lucas,lucas_oh,oh
Dodge,dodge_mn,mn
Coffee,coffee_ga,ga
Dodge,dodge_ne,ne
Huron,huron_oh,oh
Tolland,tolland_ct,ct
Collingsworth,collingsworth_tx,tx
Lake,lake_mt,mt
Gallatin,gallatin_ky,ky
Agler,agler_fl,fl
Knox,knox_tn,tn
Bennington,bennington_vt,vt
Stillwater,stillwater_mt,mt
Scott,scott_ky,ky
Lincoln,lincoln_mt,mt
Mclean,mclean_ky,ky
Desha,desha_ar,ar
Las animas,las animas_co,co
Johnson,johnson_ar,ar
Denton,denton_tx,tx
Clarion,clarion_pa,pa
Ritchie,ritchie_wv,wv
Harlan,harlan_ky,ky
Lafayette,lafayette_ar,ar
Berrien,berrien_mi,mi
Grayson,grayson_va,va
Clear creek,clear creek_co,co
Warren,warren_tn,tn
Madera,madera_ca,ca
Warren,warren_nc,nc
Perry,perry_al,al
Crittenden,crittenden_ar,ar
Grant,grant_nm,nm
Scott,scott_ks,ks
Cooke,cooke_tx,tx
Jackson,jackson_mi,mi
Wythe,wythe_va,va
Lincoln,lincoln_ga,ga
Jasper,jasper_tx,tx
Rio blan,rio blan_co,co
Otsego,otsego_ny,ny
Brantley,brantley_ga,ga
Mahnomen,mahnomen_mn,mn
Hyde,hyde_sd,sd
Washington,washington_id,id
Brazoria,brazoria_tx,tx
Edmunds,edmunds_sd,sd
Montgomery,montgomery_ia,ia
Hardeman,hardeman_tn,tn
Tunica,tunica_ms,ms
Perry,perry_mo,mo
Ata,ata_ok,ok
Waseca,waseca_mn,mn
Mason,mason_ky,ky
Anderson,anderson_sc,sc
Walsh,walsh_nd,nd
Richland,richland_il,il
Lorain,lorain_oh,oh
Barbour,barbour_al,al
Richland,richland_oh,oh
Custer,custer_sd,sd
Limestone,limestone_al,al
Pontotoc,pontotoc_ms,ms
White pine,white pine_nv,nv
Monroe,monroe_ky,ky
Sedgwick,sedgwick_ks,ks
Riley,riley_ks,ks
Cibola,cibola_nm,nm
Prince george,prince george_va,va
Duval,duval_fl,fl
Putnam,putnam_wv,wv
Polk,polk_fl,fl
Butler,butler_mo,mo
San mateo,san mateo_ca,ca
Kimble,kimble_tx,tx
Rush,rush_in,in
Monroe,monroe_tn,tn
Clinton,clinton_ny,ny
Aurora,aurora_sd,sd
Moore,moore_tn,tn
Mitchell,mitchell_ks,ks
Fairfield,fairfield_oh,oh
Berks,berks_pa,pa
Henrico,henrico_va,va
Sterling,sterling_tx,tx
Mecklenburg,mecklenburg_va,va
Lahoma,lahoma_ok,ok
Keary,keary_ne,ne
Cape girardeau,cape girardeau_mo,mo
Woodbury,woodbury_ia,ia
Fayette,fayette_tn,tn
Stanton,stanton_ne,ne
Adair,adair_mo,mo
Tuscoosa,tuscoosa_al,al
Rutherford,rutherford_nc,nc
Westmoreland,westmoreland_va,va
Gilpin,gilpin_co,co
Escambia,escambia_al,al
St joseph,st. joseph_mi,mi
Staunton city,staunton city_va,va
Kent,kent_tx,tx
Lincoln,lincoln_wi,wi
Estill,estill_ky,ky
Howard,howard_in,in
Essex,essex_vt,vt
Cowlitz,cowlitz_wa,wa
Okanogan,okanogan_wa,wa
Humphreys,humphreys_tn,tn
Johnson,johnson_tx,tx
Harrison,harrison_ms,ms
Middlesex,middlesex_va,va
Adams,adams_wi,wi
Teton,teton_mt,mt
Stephens,stephens_ga,ga
James city,james city_va,va
Nassau,nassau_ny,ny
Lubbock,lubbock_tx,tx
Coffey,coffey_ks,ks
Power,power_id,id
Monroe,monroe_ny,ny
Seminole,seminole_ok,ok
Cass,cass_nd,nd
Henry,henry_ky,ky
Livingston,livingston_ky,ky
Douglas,douglas_or,or
Augusta,augusta_va,va
Harmon,harmon_ok,ok
Warren,warren_ny,ny
Jefferson,jefferson_tn,tn
Hernando,hernando_fl,fl
Washington,washington_ok,ok
Tuolumne,tuolumne_ca,ca
Mckinley,mckinley_nm,nm
Jackson,jackson_ms,ms
Wilkinson,wilkinson_ga,ga
Potter,potter_tx,tx
Roane,roane_tn,tn
Cass,cass_il,il
Pemiscot,pemiscot_mo,mo
Craig,craig_va,va
Polk,polk_ga,ga
Queens,queens_ny,ny
Warren,warren_pa,pa
Alameda,alameda_ca,ca
Wetzel,wetzel_wv,wv
Nejos,nejos_co,co
Fairfax city,fairfax city_va,va
Coryell,coryell_tx,tx
Van wert,van wert_oh,oh
Washakie,washakie_wy,wy
Cabell,cabell_wv,wv
Polk,polk_mn,mn
Dixie,dixie_fl,fl
Bracken,bracken_ky,ky
Reno,reno_ks,ks
Mills,mills_ia,ia
Lancaster,lancaster_va,va
Lewis,lewis_id,id
Doddridge,doddridge_wv,wv
Sullivan,sullivan_tn,tn
Fayette,fayette_oh,oh
Wood,wood_wi,wi
Deuel,deuel_ne,ne
Renville,renville_nd,nd
Charlevoix,charlevoix_mi,mi
Bartow,bartow_ga,ga
Whiteside,whiteside_il,il
Wise,wise_va,va
Pickens,pickens_sc,sc
Jasper,jasper_il,il
Broomfield city,broomfield city_co,co
Wilson,wilson_tn,tn
Dougherty,dougherty_ga,ga
Onea,onea_id,id
San bernardino,san bernardino_ca,ca
Franklin,franklin_nc,nc
Centre,centre_pa,pa
Bingham,bingham_id,id
Jefferson,jefferson_ia,ia
Pottawatomie,pottawatomie_ks,ks
Chariton,chariton_mo,mo
Daniels,daniels_mt,mt
Guernsey,guernsey_oh,oh
Lewis,lewis_wv,wv
Ogemaw,ogemaw_mi,mi
Cache,cache_ut,ut
Carroll,carroll_ga,ga
Pierce,pierce_wi,wi
Knox,knox_mo,mo
Roscommon,roscommon_mi,mi
Minoka,minoka_id,id
Haskell,haskell_tx,tx
Mora,mora_nm,nm
Ellis,ellis_ks,ks
Beltrami,beltrami_mn,mn
Union,union_in,in
Murray,murray_mn,mn
Douglas,douglas_wi,wi
Sweet grass,sweet grass_mt,mt
Yadkin,yadkin_nc,nc
Warren,warren_oh,oh
Fayette,fayette_tx,tx
Lincoln,lincoln_ok,ok
Yell,yell_ar,ar
Williamsburg city,williamsburg city_va,va
Newport,newport_ri,ri
Gilliam,gilliam_or,or
Jefferson,jefferson_ok,ok
Wagoner,wagoner_ok,ok
Washington,washington_ky,ky
Dekalb,dekalb_il,il
Winston,winston_ms,ms
Jones,jones_ia,ia
Sequatchie,sequatchie_tn,tn
Coos,coos_nh,nh
Zavala,zavala_tx,tx
Sonoma,sonoma_ca,ca
Baltimore city,baltimore city_md,md
Stone,stone_ms,ms
Kendall,kendall_tx,tx
Anderson,anderson_tn,tn
Tioga,tioga_ny,ny
Orange,orange_nc,nc
Trigg,trigg_ky,ky
Wayne,wayne_wv,wv
Grant,grant_ks,ks
Big horn,big horn_wy,wy
Woodruff,woodruff_ar,ar
Fulton,fulton_in,in
Bosque,bosque_tx,tx
Stafford,stafford_va,va
Stanislaus,stanislaus_ca,ca
Goochland,goochland_va,va
San juan,san juan_ut,ut
Harnett,harnett_nc,nc
Paulding,paulding_oh,oh
Haskell,haskell_ok,ok
Wright,wright_ia,ia
Giles,giles_tn,tn
Washington,washington_tx,tx
Wichita,wichita_ks,ks
Effingham,effingham_il,il
Hidalgo,hidalgo_nm,nm
Anson,anson_nc,nc
Fremont,fremont_id,id
Grady,grady_ok,ok
Van buren,van buren_tn,tn
Hardin,hardin_ky,ky
Ada,ada_id,id
Brunswick,brunswick_va,va
Mccracken,mccracken_ky,ky
Schuyler,schuyler_mo,mo
Vernon,vernon_mo,mo
Paulding,paulding_ga,ga
Cheyenne,cheyenne_co,co
Johnson,johnson_wy,wy
Lenawee,lenawee_mi,mi
Maricopa,maricopa_az,az
Grant,grant_ky,ky
Madison,madison_ia,ia
St clair,st. clair_mi,mi
Lamoure,lamoure_nd,nd
Roanoke,roanoke_va,va
Mitchell,mitchell_ga,ga
Humboldt,humboldt_ia,ia
Bay,bay_fl,fl
Morrow,morrow_oh,oh
Tama,tama_ia,ia
Washgton,washgton_in,in
Cherokee,cherokee_al,al
Cameron,cameron_pa,pa
Stoddard,stoddard_mo,mo
Petersburg city,petersburg city_va,va
Talbot,talbot_ga,ga
Union,union_oh,oh
Taylor,taylor_ga,ga
Muskingum,muskingum_oh,oh
Caroline,caroline_va,va
Gaines,gaines_tx,tx
Franklin,franklin_ma,ma
Buffalo,buffalo_wi,wi
Terrell,terrell_tx,tx
Williamson,williamson_tx,tx
Kinney,kinney_tx,tx
Glascock,glascock_ga,ga
Carter,carter_mt,mt
Hancock,hancock_tn,tn
Vae,vae_nc,nc
Trempealeau,trempealeau_wi,wi
Oakland,oakland_mi,mi
Accomack,accomack_va,va
Dubois,dubois_in,in
Fresno,fresno_ca,ca
Frio,frio_tx,tx
Miami,miami_in,in
Henry,henry_va,va
Haywood,haywood_tn,tn
Clark,clark_il,il
Smith,smith_ks,ks
Jefferson,jefferson_oh,oh
Mercer,mercer_pa,pa
Bstol,bstol_ri,ri
Mcintosh,mcintosh_ga,ga
Alamae,alamae_nc,nc
Spalding,spalding_ga,ga
Boone,boone_ky,ky
Jenkins,jenkins_ga,ga
Beaverhead,beaverhead_mt,mt
Linln,linln_co,co
Ida,ida_ia,ia
Pierce,pierce_wa,wa
Washburn,washburn_wi,wi
Morton,morton_ks,ks
Lafayette,lafayette_fl,fl
Washington,washington_ut,ut
Wilkes,wilkes_ga,ga
Hutchinson,hutchinson_sd,sd
Licking,licking_oh,oh
Putnam,putnam_ga,ga
Union,union_nc,nc
Valley,valley_ne,ne
Frederick,frederick_va,va
Lyon,lyon_ky,ky
San miguel,san miguel_nm,nm
Sawyer,sawyer_wi,wi
Ballard,ballard_ky,ky
Johnson,johnson_tn,tn
Calloway,calloway_ky,ky
Palo alto,palo alto_ia,ia
Lac qui parle,lac qui parle_mn,mn
Loudon,loudon_tn,tn
Monterey,monterey_ca,ca
Jones,jones_sd,sd
Pettis,pettis_mo,mo
Caldwell,caldwell_mo,mo
Clarendon,clarendon_sc,sc
Gooding,gooding_id,id
Halifax,halifax_nc,nc
Phillips,phillips_co,co
Greene,greene_pa,pa
Quitman,quitman_ga,ga
Montgomery,montgomery_ky,ky
Clearfield,clearfield_pa,pa
Wayne,wayne_ms,ms
Charlton,charlton_ga,ga
Mcdowell,mcdowell_wv,wv
Harris,harris_tx,tx
Radford city,radford city_va,va
Nicollet,nicollet_mn,mn
Summit,summit_ut,ut
Clinton,clinton_mi,mi
Columbia,columbia_or,or
St louis,st. louis_mo,mo
Crawford,crawford_mo,mo
Falls,falls_tx,tx
Parmer,parmer_tx,tx
Merced,merced_ca,ca
Carson,carson_tx,tx
Weston,weston_wy,wy
Russell,russell_al,al
Schuyler,schuyler_ny,ny
Morgan,morgan_co,co
Pierce,pierce_ne,ne
Towner,towner_nd,nd
Prince georges,prince georges_md,md
Meigs,meigs_oh,oh
Deaf smith,deaf smith_tx,tx
Portage,portage_oh,oh
Jackson,jackson_sd,sd
Fayette,fayette_wv,wv
Williamson,williamson_tn,tn
Jenngs,jenngs_in,in
Allen,allen_in,in
Shawnee,shawnee_ks,ks
Howard,howard_tx,tx
Pope,pope_mn,mn
Tipton,tipton_tn,tn
Powell,powell_mt,mt
Greensville,greensville_va,va
Bladen,bladen_nc,nc
Alexander,alexander_nc,nc
Runnels,runnels_tx,tx
Benton,benton_wa,wa
Calvert,calvert_md,md
Carroll,carroll_ia,ia
Moore,moore_nc,nc
Dunn,dunn_nd,nd
Caldwell,caldwell_ky,ky
Candler,candler_ga,ga
Guilford,guilford_nc,nc
Powhatan,powhatan_va,va
Hodgeman,hodgeman_ks,ks
Berkshire,berkshire_ma,ma
Northumberland,northumberland_pa,pa
Franklin,franklin_tx,tx
Camden,camden_nj,nj
Boone,boone_wv,wv
Croll,croll_ar,ar
Lyon,lyon_ia,ia
Madison,madison_ga,ga
Sweetwater,sweetwater_wy,wy
New castle,new castle_de,de
Colleton,colleton_sc,sc
Lunenburg,lunenburg_va,va
Morris,morris_ks,ks
Chaffee,chaffee_co,co
La crosse,la crosse_wi,wi
San diego,san diego_ca,ca
Chatham,chatham_nc,nc
Newberry,newberry_sc,sc
Terrell,terrell_ga,ga
Chowan,chowan_nc,nc
Torrance,torrance_nm,nm
Benton,benton_tn,tn
St lawrence,st. lawrence_ny,ny
Banks,banks_ga,ga
Sheridan,sheridan_mt,mt
Burnett,burnett_wi,wi
Dare,dare_nc,nc
Clarke,clarke_ms,ms
Perry,perry_in,in
Eureka,eureka_nv,nv
Faulkner,faulkner_ar,ar
Fillmore,fillmore_mn,mn
Fayette,fayette_al,al
Lewis,lewis_ny,ny
Clarke,clarke_ga,ga
Aiken,aiken_sc,sc
Irwin,irwin_ga,ga
Billings,billings_nd,nd
Mifflin,mifflin_pa,pa
Menard,menard_tx,tx
Cedar,cedar_ne,ne
Floyd,floyd_ky,ky
Ontario,ontario_ny,ny
Jewell,jewell_ks,ks
Campbell,campbell_tn,tn
Dickinson,dickinson_ia,ia
Wheeler,wheeler_ne,ne
Adair,adair_ia,ia
Wayne,wayne_ga,ga
Caddo,caddo_ok,ok
Richland,richland_mt,mt
Schuyler,schuyler_il,il
Miller,miller_ar,ar
Campbell,campbell_wy,wy
Davidson,davidson_nc,nc
Dinwiddie,dinwiddie_va,va
Burlington,burlington_nj,nj
Iron,iron_ut,ut
Cass,cass_mn,mn
Covington,covington_al,al
Garfield,garfield_wa,wa
Taylor,taylor_ky,ky
Polk,polk_tx,tx
Eastland,eastland_tx,tx
Wood,wood_wv,wv
Reynolds,reynolds_mo,mo
Cottonwood,cottonwood_mn,mn
Sarasota,sarasota_fl,fl
Hamilton,hamilton_oh,oh
Hancock,hancock_wv,wv
Kingsbury,kingsbury_sd,sd
Hudspeth,hudspeth_tx,tx
Chisago,chisago_mn,mn
Fulton,fulton_il,il
Anderson,anderson_ky,ky
Kiowa,kiowa_ks,ks
Wicomico,wicomico_md,md
Marshall,marshall_sd,sd
San saba,san saba_tx,tx
Lincoln,lincoln_ne,ne
Arapahoe,arapahoe_co,co
Kendall,kendall_il,il
Randolph,randolph_mo,mo
Lincoln,lincoln_nm,nm
Perkins,perkins_sd,sd
Essex,essex_ny,ny
Yuma,yuma_co,co
Lee,lee_ia,ia
Summers,summers_wv,wv
Hardin,hardin_tx,tx
Dundy,dundy_ne,ne
Comal,comal_tx,tx
Skagit,skagit_wa,wa
Logan,logan_wv,wv
Bear lake,bear lake_id,id
Polk,polk_ne,ne
Nevada,nevada_ar,ar
Nelson,nelson_ky,ky
Oscoda,oscoda_mi,mi
Foster,foster_nd,nd
Warren,warren_ky,ky
Rankin,rankin_ms,ms
Otter tail,otter tail_mn,mn
Hayes,hayes_ne,ne
Grant,grant_ar,ar
Lincoln,lincoln_mo,mo
Harrison,harrison_ky,ky
Buena vista,buena vista_ia,ia
Clay,clay_ar,ar
Adams,adams_in,in
Scott,scott_ms,ms
Grant,grant_sd,sd
Gage,gage_ne,ne
Kittson,kittson_mn,mn
Sampson,sampson_nc,nc
Orleans,orleans_vt,vt
Union,union_ar,ar
Bucks,bucks_pa,pa
Cumberland,cumberland_nc,nc
Washington,washington_ks,ks
Bath,bath_ky,ky
Elmore,elmore_al,al
Mccone,mccone_mt,mt
Stark,stark_oh,oh
Dorchester,dorchester_sc,sc
Morgan,morgan_ut,ut
Luce,luce_mi,mi
Franklin,franklin_vt,vt
Jerome,jerome_id,id
Jefferson,jefferson_tx,tx
Linn,linn_or,or
Lucas,lucas_ia,ia
Saginaw,saginaw_mi,mi
Tooele,tooele_ut,ut
Cumberland,cumberland_pa,pa
Plymouth,plymouth_ia,ia
Shasta,shasta_ca,ca
Placer,placer_ca,ca
Childress,childress_tx,tx
Cerro gordo,cerro gordo_ia,ia
Hunterdon,hunterdon_nj,nj
Clark,clark_wi,wi
Athens,athens_oh,oh
Gallatin,gallatin_mt,mt
Roanoke city,roanoke city_va,va
Sorset,sorset_me,me
Red river,red river_tx,tx
Jefferson,jefferson_wa,wa
Kalkaska,kalkaska_mi,mi
Curry,curry_or,or
Lamar,lamar_ga,ga
Iowa,iowa_wi,wi
Pend oreille,pend oreille_wa,wa
Martinsville city,martinsville city_va,va
Howard,howard_mo,mo
Elkhart,elkhart_in,in
Mercer,mercer_il,il
Christian,christian_il,il
Lamar,lamar_al,al
Smyth,smyth_va,va
Rosebud,rosebud_mt,mt
Lehigh,lehigh_pa,pa
Klamath,klamath_or,or
Jefferson,jefferson_ar,ar
Noxubee,noxubee_ms,ms
Troup,troup_ga,ga
Orange,orange_fl,fl
Custer,custer_ne,ne
Kent,kent_md,md
Washtenaw,washtenaw_mi,mi
Swain,swain_nc,nc
Moffat,moffat_co,co
Huerfano,huerfano_co,co
Charles mix,charles mix_sd,sd
Cavalier,cavalier_nd,nd
Maries,maries_mo,mo
Wyandotte,wyandotte_ks,ks
Massac,massac_il,il
Alexander,alexander_il,il
Sioux,sioux_nd,nd
Cheree,cheree_ok,ok
Carroll,carroll_nh,nh
Morgan,morgan_il,il
Houston,houston_tx,tx
Pinellas,pinellas_fl,fl
Poinsett,poinsett_ar,ar
Harding,harding_sd,sd
Dauphin,dauphin_pa,pa
Platte,platte_ne,ne
Bdwin,bdwin_al,al
Charlotte,charlotte_va,va
Duplin,duplin_nc,nc
Stephens,stephens_tx,tx
Clark,clark_wa,wa
Hinds,hinds_ms,ms
Montezuma,montezuma_co,co
Buckingham,buckingham_va,va
Crosby,crosby_tx,tx
Franklin,franklin_id,id
Rutland,rutland_vt,vt
Leake,leake_ms,ms
Sublette,sublette_wy,wy
Lumpkin,lumpkin_ga,ga
Matagorda,matagorda_tx,tx
Jackson,jackson_mo,mo
Pike,pike_ar,ar
Sevier,sevier_ar,ar
Rockdale,rockdale_ga,ga
Lowndes,lowndes_ms,ms
Pike,pike_mo,mo
Logan,logan_nd,nd
Boone,boone_ia,ia
St marys,st. marys_md,md
Grenada,grenada_ms,ms
Clay,clay_ks,ks
Douglas,douglas_mo,mo
Canadian,canadian_ok,ok
Lincoln,lincoln_id,id
St louis,st. louis_mn,mn
Flunna,flunna_va,va
Leon,leon_tx,tx
Sheridan,sheridan_ne,ne
Wayne,wayne_ut,ut
Chicot,chicot_ar,ar
Goliad,goliad_tx,tx
Ocean,ocean_nj,nj
Madison,madison_in,in
Baker,baker_fl,fl
Allen,allen_ky,ky
Colquitt,colquitt_ga,ga
Surry,surry_va,va
Suffolk,suffolk_ma,ma
Tom green,tom green_tx,tx
Suffolk city,suffolk city_va,va
Shannon  sd,shannon  sd_(discontinued),(discontinued)
Currituck,currituck_nc,nc
Mclean,mclean_il,il
Eau claire,eau claire_wi,wi
Coconino,coconino_az,az
Mahaska,mahaska_ia,ia
Columbia,columbia_wi,wi
Knox,knox_me,me
Hill,hill_tx,tx
Baker,baker_ga,ga
Judith basin,judith basin_mt,mt
Dickson,dickson_tn,tn
Burt,burt_ne,ne
Platte,platte_mo,mo
Mille lacs,mille lacs_mn,mn
Delta,delta_tx,tx
Cumberland,cumberland_ky,ky
Tompkins,tompkins_ny,ny
Liberty,liberty_ga,ga
Jackson,jackson_nc,nc
Butte,butte_sd,sd
Morn,morn_ga,ga
Kootenai,kootenai_id,id
Levy,levy_fl,fl
Kansas,kansas_ar,ar
Dyer,dyer_tn,tn
Crowley,crowley_co,co
Benton,benton_ia,ia
Des moines,des moines_ia,ia
Effingham,effingham_ga,ga
Stevens,stevens_ks,ks
Washington,washington_mo,mo
Durham,durham_nc,nc
Chilton,chilton_al,al
Grundy,grundy_tn,tn
Whitley,whitley_in,in
Breathitt,breathitt_ky,ky
Harper,harper_ks,ks
Ouray,ouray_co,co
Gonzales,gonzales_tx,tx
Lincoln,lincoln_wy,wy
Wker,wker_al,al
Hendry,hendry_fl,fl
New york,new york_ny,ny
Crawford,crawford_wi,wi
Cullman,cullman_al,al
Grant,grant_mn,mn
Onslow,onslow_nc,nc
Kossuth,kossuth_ia,ia
Carteret,carteret_nc,nc
Spencer,spencer_ky,ky
Price,price_wi,wi
Jackson,jackson_or,or
Washington,washington_or,or
Willacy,willacy_tx,tx
Cleburne,cleburne_ar,ar
Cheboygan,cheboygan_mi,mi
Nicholas,nicholas_wv,wv
Ashley,ashley_ar,ar
St francis,st. francis_ar,ar
Mariposa,mariposa_ca,ca
York,york_pa,pa
Lake,lake_oh,oh
Clinton,clinton_ky,ky
Lincoln,lincoln_ms,ms
Mcminn,mcminn_tn,tn
Garrett,garrett_md,md
Conecuh,conecuh_al,al
Wayne,wayne_mo,mo
Box butte,box butte_ne,ne
Pie,pie_ut,ut
Chatham,chatham_ga,ga
Yaey,yaey_nc,nc
Emery,emery_ut,ut
Emmet,emmet_ia,ia
San francisco city,san_francisco_ca,ca
Clay,clay_mo,mo
Founta,founta_in,in
Harvey,harvey_ks,ks
Itasca,itasca_mn,mn
Dickinson,dickinson_ks,ks
Porter,porter_in,in
Miner,miner_sd,sd
Jefferson,jefferson_al,al
Payne,payne_ok,ok
Wake,wake_nc,nc
White,white_il,il
Wasco,wasco_or,or
Isanti,isanti_mn,mn
Rush,rush_ks,ks
Decatur,decatur_ga,ga
Spotsylnia,spotsylnia_va,va
Putnam,putnam_fl,fl
Reeves,reeves_tx,tx
Patrick,patrick_va,va
Brooks,brooks_ga,ga
Murray,murray_ga,ga
Barron,barron_wi,wi
Camas,camas_id,id
Cumberland,cumberland_tn,tn
Winona,winona_mn,mn
Garvin,garvin_ok,ok
Itawamba,itawamba_ms,ms
Blaine,blaine_mt,mt
Dupage,dupage_il,il
Worcester,worcester_ma,ma
Allegany,allegany_md,md
Montgomery,montgomery_tn,tn
Eddy,eddy_nm,nm
White,white_in,in
Kiowa,kiowa_co,co
Okaloosa,okaloosa_fl,fl
Newton,newton_ar,ar
Switzerland,switzerland_in,in
Ness,ness_ks,ks
Montgomery,montgomery_in,in
Carroll,carroll_ms,ms
Harlan,harlan_ne,ne
Pitt,pitt_nc,nc
Kane,kane_ut,ut
New london,new london_ct,ct
Cimarron,cimarron_ok,ok
St louis city,st. louis city_mo,mo
Nye,nye_nv,nv
Cook,cook_mn,mn
Ouachita,ouachita_ar,ar
Sanilac,sanilac_mi,mi
Oglethorpe,oglethorpe_ga,ga
Barnes,barnes_nd,nd
Sheridan,sheridan_wy,wy
Jackson,jackson_in,in
Benzie,benzie_mi,mi
Crawford,crawford_ga,ga
Harrison,harrison_oh,oh
Clark,clark_oh,oh
Anoka,anoka_mn,mn
Okeechobee,okeechobee_fl,fl
Rockingham,rockingham_nc,nc
Culpeper,culpeper_va,va
Mclennan,mclennan_tx,tx
Jefferson,jefferson_in,in
Logan,logan_co,co
Pierce,pierce_ga,ga
Jasper,jasper_ia,ia
Kosciusko,kosciusko_in,in
Grand,grand_ut,ut
Delaware,delaware_ny,ny
Russell,russell_va,va
Cherokee,cherokee_sc,sc
Taylor,taylor_tx,tx
Gratiot,gratiot_mi,mi
Gentry,gentry_mo,mo
Monroe,monroe_il,il
Travis,travis_tx,tx
Marin,marin_ca,ca
Craven,craven_nc,nc
Mower,mower_mn,mn
Columbiana,columbiana_oh,oh
Houston,houston_tn,tn
Ionia,ionia_mi,mi
Hooker,hooker_ne,ne
Lincoln,lincoln_wv,wv
Bowman,bowman_nd,nd
Cape may,cape may_nj,nj
Shelby,shelby_mo,mo
Robertson,robertson_ky,ky
Macon,macon_tn,tn
Niagara,niagara_ny,ny
Pickett,pickett_tn,tn
Middlesex,middlesex_ma,ma
Ralls,ralls_mo,mo
Marshall,marshall_il,il
Nnebago,nnebago_wi,wi
Gibson,gibson_tn,tn
Lake,lake_sd,sd
Berkeley,berkeley_sc,sc
Delta,delta_mi,mi
Walker,walker_ga,ga
Bent,bent_co,co
Sali,sali_ne,ne
Polk,polk_ar,ar
Garfield,garfield_ne,ne
Hawkins,hawkins_tn,tn
Greene,greene_al,al
Upshur,upshur_tx,tx
Choctaw,choctaw_ok,ok
Delaware,delaware_ok,ok
Uintah,uintah_ut,ut
Snyder,snyder_pa,pa
Pickens,pickens_al,al
Yankton,yankton_sd,sd
Wharton,wharton_tx,tx
Franklin,franklin_wa,wa
Osage,osage_mo,mo
New kent,new kent_va,va
Harford,harford_md,md
Dorchester,dorchester_md,md
Norman,norman_mn,mn
Marion,marion_tx,tx
Thurston,thurston_wa,wa
Sussex,sussex_de,de
Portage,portage_wi,wi
Lamoille,lamoille_vt,vt
Warren,warren_ia,ia
Henry,henry_ia,ia
Dallas,dallas_mo,mo
Young,young_tx,tx
Menifee,menifee_ky,ky
Cooper,cooper_mo,mo
Rusk,rusk_tx,tx
Calhoun,calhoun_sc,sc
Nelson,nelson_va,va
Grant,grant_ne,ne
Val verde,val verde_tx,tx
Chambers,chambers_al,al
Yellowstone,yellowstone_mt,mt
Gem,gem_id,id
Shoshone,shoshone_id,id
Rock,rock_wi,wi
Pennington,pennington_mn,mn
Limestone,limestone_tx,tx
Madison,madison_oh,oh
Briscoe,briscoe_tx,tx
Meriwether,meriwether_ga,ga
Saratoga,saratoga_ny,ny
Clay,clay_al,al
Hubbard,hubbard_mn,mn
Iron,iron_mo,mo
Creek,creek_ok,ok
Wilcox,wilcox_al,al
Hillsdale,hillsdale_mi,mi
Treasure,treasure_mt,mt
Griggs,griggs_nd,nd
Jasper,jasper_sc,sc
Henry,henry_ga,ga
Houston,houston_al,al
Millard,millard_ut,ut
Carroll,carroll_in,in
Wyandot,wyandot_oh,oh
Cheyenne,cheyenne_ks,ks
Anne arundel,anne arundel_md,md
Madison,madison_il,il
Gulf,gulf_fl,fl
Lampasas,lampasas_tx,tx
Pondera,pondera_mt,mt
Jefferson,jefferson_mo,mo
Concho,concho_tx,tx
Osceola,osceola_fl,fl
Caldwell,caldwell_tx,tx
Wilson,wilson_ks,ks
Pike,pike_al,al
Jefferson,jefferson_il,il
Charles city,charles city_va,va
Cleburne,cleburne_al,al
Marshall,marshall_wv,wv
Gwinnett,gwinnett_ga,ga
Greene,greene_ms,ms
Schenectady,schenectady_ny,ny
Union,union_ms,ms
Elliott,elliott_ky,ky
Bonner,bonner_id,id
Clark,clark_ks,ks
Monroe,monroe_oh,oh
Owsley,owsley_ky,ky
Mcintosh,mcintosh_ok,ok
Escambia,escambia_fl,fl
Pasquotank,pasquotank_nc,nc
Crawford,crawford_mi,mi
Lemhi,lemhi_id,id
Portsmouth city,portsmouth city_va,va
Frankl,frankl_in,in
Hertford,hertford_nc,nc
Randolph,randolph_il,il
Duchesne,duchesne_ut,ut
Bureau,bureau_il,il
Montour,montour_pa,pa
Coffee,coffee_al,al
Green lake,green lake_wi,wi
Adams,adams_oh,oh
Marion,marion_ia,ia
Mitchell,mitchell_nc,nc
Marengo,marengo_al,al
Oconee,oconee_sc,sc
Franklin,franklin_mo,mo
Orange,orange_ny,ny
Bond,bond_il,il
Grand traverse,grand traverse_mi,mi
Loup,loup_ne,ne
Steuben,steuben_ny,ny
Rockcastle,rockcastle_ky,ky
Mart,mart_in,in
Newaygo,newaygo_mi,mi
Sharkey,sharkey_ms,ms
Defiance,defiance_oh,oh
Payette,payette_id,id
Mercer,mercer_mo,mo
Bamberg,bamberg_sc,sc
Harrison,harrison_tx,tx
Orange,orange_vt,vt
Marion,marion_fl,fl
Jasper,jasper_ga,ga
Craighead,craighead_ar,ar
Rgan,rgan_mo,mo
Tyler,tyler_wv,wv
Noble,noble_ok,ok
Marshall,marshall_ok,ok
Fairfield,fairfield_sc,sc
Charlottesville city,charlottesville city_va,va
Andrews,andrews_tx,tx
Beaufort,beaufort_nc,nc
Shelby,shelby_ia,ia
Piatt,piatt_il,il
Lane,lane_ks,ks
Attala,attala_ms,ms
Bartholomew,bartholomew_in,in
Reagan,reagan_tx,tx
Juniata,juniata_pa,pa
Poweshiek,poweshiek_ia,ia
Grant,grant_ok,ok
Windsor,windsor_vt,vt
Mercer,mercer_nd,nd
Wabaunsee,wabaunsee_ks,ks
Teton,teton_id,id
Lavaca,lavaca_tx,tx
Wayne,wayne_oh,oh
Langlade,langlade_wi,wi
He,he_al,al
Greenwood,greenwood_ks,ks
Jackson,jackson_ky,ky
Perry,perry_pa,pa
Grant,grant_nd,nd
Union,union_pa,pa
Sheridan,sheridan_nd,nd
Jackson,jackson_co,co
Cedar,cedar_ia,ia
Fentress,fentress_tn,tn
Mayes,mayes_ok,ok
Presidio,presidio_tx,tx
Kimball,kimball_ne,ne
San miguel,san miguel_co,co
Martin,martin_nc,nc
Henry,henry_il,il
Rabun,rabun_ga,ga
Pawnee,pawnee_ok,ok
Walker,walker_tx,tx
Dawson,dawson_mt,mt
Cannon,cannon_tn,tn
Clay,clay_nc,nc
Covington,covington_ms,ms
Russell,russell_ks,ks
Allegheny,allegheny_pa,pa
Fergus,fergus_mt,mt
Lewis and clark,lewis and clark_mt,mt
Gladwin,gladwin_mi,mi
Lake,lake_in,in
Lander,lander_nv,nv
Dekalb,dekalb_tn,tn
King,king_tx,tx
Nodaway,nodaway_mo,mo
Cherokee,cherokee_tx,tx
Douglas,douglas_wa,wa
Union,union_ia,ia
Oceana,oceana_mi,mi
Monroe,monroe_mi,mi
Gallatin,gallatin_il,il
Lauderdale,lauderdale_ms,ms
Sac,sac_ia,ia
Kanabec,kanabec_mn,mn
Logan,logan_il,il
Way,way_ne,ne
Mcpherson,mcpherson_ks,ks
Florence,florence_wi,wi
Otsego,otsego_mi,mi
Frederick,frederick_md,md
Guadalupe,guadalupe_tx,tx
Erath,erath_tx,tx
Alachua,alachua_fl,fl
Leflore,leflore_ms,ms
Tishomingo,tishomingo_ms,ms
Essex,essex_ma,ma
Franklin,franklin_ms,ms
Cherokee,cherokee_ia,ia
Brookings,brookings_sd,sd
Harding,harding_nm,nm
Baxter,baxter_ar,ar
Middlesex,middlesex_ct,ct
Copiah,copiah_ms,ms
Hot springs,hot springs_wy,wy
Marion,marion_ga,ga
Mingo,mingo_wv,wv
Holmes,holmes_fl,fl
Lee,lee_va,va
Douglas,douglas_ga,ga
Van buren,van buren_ia,ia
Fremont,fremont_co,co
Marshall,marshall_tn,tn
Iowa,iowa_ia,ia
Park,park_co,co
Pulaski,pulaski_ky,ky
Cumberland,cumberland_me,me
Buffalo,buffalo_ne,ne
Walworth,walworth_wi,wi
Kenton,kenton_ky,ky
Lynn,lynn_tx,tx
Jackson,jackson_mn,mn
Turner,turner_ga,ga
Siskiyou,siskiyou_ca,ca
Jackson,jackson_fl,fl
Trinity,trinity_tx,tx
Independence,independence_ar,ar
Calhoun,calhoun_il,il
Jessamine,jessamine_ky,ky
Gray,gray_ks,ks
Marion,marion_tn,tn
Pasco,pasco_fl,fl
Prowers,prowers_co,co
Chesterfield,chesterfield_sc,sc
Fremont,fremont_wy,wy
Perry,perry_il,il
Hancock,hancock_oh,oh
Fayette,fayette_pa,pa
Dunn,dunn_wi,wi
Panola,panola_tx,tx
Fredericksburg city,fredericksburg city_va,va
Wheatland,wheatland_mt,mt
Grant,grant_in,in
Clackamas,clackamas_or,or
Hamilton,hamilton_ne,ne
Manatee,manatee_fl,fl
Mills,mills_tx,tx
El paso,el paso_tx,tx
Lyman,lyman_sd,sd
Carroll,carroll_il,il
Laurel,laurel_ky,ky
Fairfax,fairfax_va,va
Presque isle,presque isle_mi,mi
Meade,meade_ky,ky
Macon,macon_il,il
Boulder,boulder_co,co
Trego,trego_ks,ks
Jo daviess,jo daviess_il,il
Lake,lake_or,or
Tippah,tippah_ms,ms
Brown,brown_tx,tx
Dallas,dallas_ar,ar
Montgomery,montgomery_md,md
Alcona,alcona_mi,mi
Calhoun,calhoun_mi,mi
Allen,allen_oh,oh
Newton,newton_tx,tx
Wakulla,wakulla_fl,fl
Clarke,clarke_ia,ia
Mccreary,mccreary_ky,ky
Catoosa,catoosa_ga,ga
Forrest,forrest_ms,ms
Hardy,hardy_wv,wv
Lincoln,lincoln_ar,ar
Brown,brown_ne,ne
Red lake,red lake_mn,mn
Rowan,rowan_nc,nc
Daggett,daggett_ut,ut
Stilla,stilla_co,co
Russell,russell_ky,ky
Forest,forest_wi,wi
Huron,huron_mi,mi
Jefferson,jefferson_ks,ks
Arlington,arlington_va,va
Camden,camden_ga,ga
Dickens,dickens_tx,tx
Wilbarger,wilbarger_tx,tx
Yamhill,yamhill_or,or
Glades,glades_fl,fl
Edgefield,edgefield_sc,sc
Grant,grant_or,or
Live oak,live oak_tx,tx
Lake,lake_tn,tn
Addison,addison_vt,vt
Mcdonald,mcdonald_mo,mo
Swift,swift_mn,mn
Grady,grady_ga,ga
Latimer,latimer_ok,ok
Cleveland,cleveland_ar,ar
Clay,clay_ga,ga
Riverside,riverside_ca,ca
Potter,potter_sd,sd
Ottawa,ottawa_mi,mi
Wexford,wexford_mi,mi
Brazos,brazos_tx,tx
Jones,jones_tx,tx
Chaves,chaves_nm,nm
Bibb,bibb_ga,ga
Graham,graham_az,az
Lee,lee_ar,ar
Ashland,ashland_oh,oh
Wood,wood_tx,tx
Crawford,crawford_pa,pa
Clay,clay_tn,tn
Larue,larue_ky,ky
Dewitt,dewitt_tx,tx
Saline,saline_il,il
Prairie,prairie_ar,ar
Washington,washington_wi,wi
Washington,washington_ne,ne
Marion,marion_ky,ky
Taney,taney_mo,mo
Yazoo,yazoo_ms,ms
Real,real_tx,tx
Isle of wight,isle of wight_va,va
Long,long_ga,ga
Mendocino,mendocino_ca,ca
Kankakee,kankakee_il,il
Hamilton,hamilton_in,in
Haralson,haralson_ga,ga
Lee,lee_tx,tx
Smith,smith_tx,tx
Blount,blount_tn,tn
Blanco,blanco_tx,tx
Becker,becker_mn,mn
Gilmer,gilmer_ga,ga
Bee,bee_tx,tx
Bastrop,bastrop_tx,tx
De soto,de soto_ms,ms
Cass,cass_in,in
Adams,adams_ia,ia
Harney,harney_or,or
Lee,lee_nc,nc
Worth,worth_mo,mo
Overton,overton_tn,tn
Marion,marion_sc,sc
Stutsman,stutsman_nd,nd
Beaufort,beaufort_sc,sc
Miller,miller_ga,ga
Ashtabula,ashtabula_oh,oh
Perry,perry_oh,oh
Juab,juab_ut,ut
Nobles,nobles_mn,mn
Cass,cass_ia,ia
Steele,steele_mn,mn
Piscataquis,piscataquis_me,me
Stevens,stevens_wa,wa
Wadena,wadena_mn,mn
Claiborne,claiborne_tn,tn
Pershing,pershing_nv,nv
Sangamon,sangamon_il,il
Cherry,cherry_ne,ne
Houghton,houghton_mi,mi
Contra costa,contra costa_ca,ca
Granville,granville_nc,nc
Aho,aho_id,id
Lake,lake_ca,ca
Montgomery,montgomery_nc,nc
King,king_wa,wa
Fulton,fulton_ar,ar
Carbon,carbon_pa,pa
Wilkinson,wilkinson_ms,ms
Edgar,edgar_il,il
Saline,saline_ar,ar
Columbia,columbia_ny,ny
Fulton,fulton_pa,pa
Lycoming,lycoming_pa,pa
Grayson,grayson_ky,ky
Henderson,henderson_ky,ky
Tillamook,tillamook_or,or
Virginia beach city,virginia beach city_va,va
Loudoun,loudoun_va,va
Hutchinson,hutchinson_tx,tx
Macon,macon_al,al
Del norte,del norte_ca,ca
Teller,teller_co,co
Calhoun,calhoun_tx,tx
Johnson,johnson_ne,ne
Custer,custer_co,co
Neosho,neosho_ks,ks
Socorro,socorro_nm,nm
Nroe,nroe_mo,mo
Calhoun,calhoun_fl,fl
Winchester city,winchester city_va,va
Waushara,waushara_wi,wi
Red willow,red willow_ne,ne
Worth,worth_ia,ia
Waukesha,waukesha_wi,wi
Colbert,colbert_al,al
Sherman,sherman_ne,ne
Kent,kent_de,de
Macomb,macomb_mi,mi
Avery,avery_nc,nc
Adams,adams_co,co
Teton,teton_wy,wy
Woodford,woodford_il,il
Sargent,sargent_nd,nd
Greene,greene_ga,ga
Sutton,sutton_tx,tx
Echols,echols_ga,ga
Hinsdale,hinsdale_co,co
Morgan,morgan_oh,oh
Vernon,vernon_wi,wi
Holt,holt_ne,ne
Terry,terry_tx,tx
Marion,marion_il,il
Scott,scott_tn,tn
Alger,alger_mi,mi
San juan,san juan_nm,nm
Bryan,bryan_ga,ga
Mion,mion_ar,ar
Palo pinto,palo pinto_tx,tx
Smith,smith_ms,ms
Adair,adair_ok,ok
Madison,madison_ny,ny
Livingston,livingston_ny,ny
Lake,lake_mi,mi
Roseau,roseau_mn,mn
Love,love_ok,ok
Dickey,dickey_nd,nd
Lassen,lassen_ca,ca
Dakota,dakota_ne,ne
Lake,lake_il,il
Franklin,franklin_il,il
Madison,madison_ms,ms
Henderson,henderson_il,il
Emanuel,emanuel_ga,ga
Carroll,carroll_md,md
Lyon,lyon_nv,nv
Jefferson,jefferson_ga,ga
Oswego,oswego_ny,ny
Danville city,danville city_va,va
Hitchcock,hitchcock_ne,ne
Edwards,edwards_ks,ks
Tipton,tipton_in,in
Silver bow,silver bow_mt,mt
Howard,howard_md,md
Johnson,johnson_in,in
Atchison,atchison_mo,mo
Benton,benton_ms,ms
Garden,garden_ne,ne
Worcester,worcester_md,md
Middlesex,middlesex_nj,nj
Comanche,comanche_ok,ok
Columbia,columbia_ar,ar
Allamakee,allamakee_ia,ia
Toole,toole_mt,mt
Armstrong,armstrong_tx,tx
Hamilton,hamilton_ny,ny
Caldwell,caldwell_nc,nc
Cabarrus,cabarrus_nc,nc
Somervell,somervell_tx,tx
Phelps,phelps_mo,mo
Washington,washington_ia,ia
Swisher,swisher_tx,tx
Garfield,garfield_mt,mt
Hunt,hunt_tx,tx
Gilmer,gilmer_wv,wv
Brooks,brooks_tx,tx
Etowah,etowah_al,al
King william,king william_va,va
Newton,newton_ga,ga
Spink,spink_sd,sd
La salle,la salle_il,il
Newport news city,newport news city_va,va
Stanton,stanton_ks,ks
Dent,dent_mo,mo
Faulk,faulk_sd,sd
Union,union_nj,nj
Butler,butler_ne,ne
Knox,knox_oh,oh
Morris,morris_tx,tx
Perquimans,perquimans_nc,nc
Juneau,juneau_wi,wi
Dade,dade_ga,ga
Phillips,phillips_ks,ks
Lafayette,lafayette_wi,wi
Lake,lake_mn,mn
Morgan,morgan_al,al
Otoe,otoe_ne,ne
Fall river,fall river_sd,sd
Roosevelt,roosevelt_mt,mt
Isabella,isabella_mi,mi
St francois,st. francois_mo,mo
Wolfe,wolfe_ky,ky
Sanders,sanders_mt,mt
Honolulu city,honolulu city_hi,hi
Benton,benton_or,or
Prentiss,prentiss_ms,ms
Morton,morton_nd,nd
Powell,powell_ky,ky
Laurens,laurens_ga,ga
Montgomery,montgomery_ny,ny
Bannock,bannock_id,id
Mississippi,mississippi_ar,ar
Donley,donley_tx,tx
Polk,polk_tn,tn
Alamosa,alamosa_co,co
Sumter,sumter_sc,sc
Mcpherson,mcpherson_sd,sd
Seward,seward_ne,ne
Johnson,johnson_ky,ky
Wayne,wayne_tn,tn
Manitowoc,manitowoc_wi,wi
Pawe,pawe_ne,ne
Union,union_or,or
Burleigh,burleigh_nd,nd
Hale,hale_tx,tx
Jefferson,jefferson_mt,mt
Dickenson,dickenson_va,va
Traill,traill_nd,nd
Coshocton,coshocton_oh,oh
Archer,archer_tx,tx
Bedford,bedford_pa,pa
Cuming,cuming_ne,ne
Bryan,bryan_ok,ok
Milam,milam_tx,tx
Sullivan,sullivan_ny,ny
Loving,loving_tx,tx
Perry,perry_ar,ar
Dodge,dodge_wi,wi
Pope,pope_ar,ar
Blair,blair_pa,pa
Fulton,fulton_oh,oh
St joseph,st. joseph_in,in
Eagle,eagle_co,co
Providence,providence_ri,ri
Turner,turner_sd,sd
Ross,ross_oh,oh
Greene,greene_ia,ia
Henderson,henderson_tx,tx
Chester,chester_sc,sc
Hancock,hancock_ky,ky
Pickens,pickens_ga,ga
Sutter,sutter_ca,ca
Holt,holt_mo,mo
Palm beach,palm beach_fl,fl
Borden,borden_tx,tx
Dutchess,dutchess_ny,ny
Clearwater,clearwater_id,id
Grand isle,grand isle_vt,vt
Lowndes,lowndes_al,al
Izd,izd_ar,ar
Kenedy,kenedy_tx,tx
Champaign,champaign_il,il
Victoria,victoria_tx,tx
Gibson,gibson_in,in
Laurens,laurens_sc,sc
Ellsworth,ellsworth_ks,ks
Iron,iron_mi,mi
Hopewell city,hopewell city_va,va
Bedford,bedford_va,va
Clay,clay_in,in
Brown,brown_oh,oh
Los alamos,los alamos_nm,nm
El paso,el paso_co,co
Tazewell,tazewell_il,il
Hettinger,hettinger_nd,nd
Menonee,menonee_mi,mi
Jersey,jersey_il,il
Austin,austin_tx,tx
Linn,linn_ks,ks
Phelps,phelps_ne,ne
Sanpete,sanpete_ut,ut
Pulaski,pulaski_va,va
Clark,clark_ky,ky
Chattoo,chattoo_ga,ga
Modoc,modoc_ca,ca
Webster,webster_mo,mo
Seneca,seneca_ny,ny
Bonneville,bonneville_id,id
Watonwan,watonwan_mn,mn
Broward,broward_fl,fl
Green,green_ky,ky
Sussex,sussex_nj,nj
Major,major_ok,ok
Hanson,hanson_sd,sd
Merrimack,merrimack_nh,nh
Randolph,randolph_nc,nc
Codington,codington_sd,sd
Cass,cass_mi,mi
Buena vista city,buena vista city_va,va
Liberty,liberty_tx,tx
Humboldt,humboldt_nv,nv
Campbell,campbell_sd,sd
Amherst,amherst_va,va
Arenac,arenac_mi,mi
Hocking,hocking_oh,oh
Marlboro,marlboro_sc,sc
Mesa,mesa_co,co
Klickitat,klickitat_wa,wa
Crisp,crisp_ga,ga
Thomas,thomas_ks,ks
Strafford,strafford_nh,nh
Somerset,somerset_md,md
Quitman,quitman_ms,ms
Knox,knox_ne,ne
Starke,starke_in,in
Roosevelt,roosevelt_nm,nm
Bibb,bibb_al,al
Cotton,cotton_ok,ok
Bulloch,bulloch_ga,ga
Sanborn,sanborn_sd,sd
Wyoming,wyoming_ny,ny
Schleicher,schleicher_tx,tx
Perry,perry_ms,ms
Pottawattamie,pottawattamie_ia,ia
Hickman,hickman_tn,tn
Venango,venango_pa,pa
Mclean,mclean_nd,nd
Gallia,gallia_oh,oh
Uinta,uinta_wy,wy
Traverse,traverse_mn,mn
Putnam,putnam_oh,oh
Jefferson,jefferson_fl,fl
Panola,panola_ms,ms
Bollinger,bollinger_mo,mo
Armstrong,armstrong_pa,pa
